Gas emissions in MtCO₂,,,,,,,,,,,,,,,,,,,,,,,,,,,,,,,,,,,,,,,,,,,,,,,,,,,,,,,,,,,,,,,,,,,,,,,,,,,,,,,,,,,,,,,,,,,,,,,,,,,,,,,,,,,,,,,,,,,,,,,,,,,,,,,,,,,,,,,,,,,,,,,,,,,,,,,,,,,,,,,,,,,,,,,,,,,,,,,,,,,,,,,,,,,,,,,,,,,,,,,,,,,,,,,,,,,,,,,,,,,,,
,Afghanistan,Albania,Algeria,Andorra,Angola,Anguilla,Antigua and Barbuda,Argentina,Armenia,Aruba,Australia,Austria,Azerbaijan,Bahamas,Bahrain,Bangladesh,Barbados,Belarus,Belgium,Belize,Benin,Bermuda,Bhutan,Bolivia,"Bonaire, Saint Eustatius and Saba",Bosnia and Herzegovina,Botswana,Brazil,British Virgin Islands,Brunei Darussalam,Bulgaria,Burkina Faso,Burundi,Cambodia,Cameroon,Canada,Cape Verde,Cayman Islands,Central African Republic,Chad,Chile,China,Colombia,Comoros,Congo,Cook Islands,Costa Rica,Croatia,Cuba,Curaçao,Cyprus,Czech Republic,Côte d'Ivoire,Democratic Republic of the Congo,Denmark,Djibouti,Dominica,Dominican Republic,Ecuador,Egypt,El Salvador,Equatorial Guinea,Eritrea,Estonia,Ethiopia,Faeroe Islands,Falkland Islands (Malvinas),Fiji,Finland,France,French Guiana,French Polynesia,Gabon,Gambia,Georgia,Germany,Ghana,Gibraltar,Greece,Greenland,Grenada,Guadeloupe,Guatemala,Guinea,Guinea-Bissau,Guyana,Haiti,Honduras,Hong Kong,Hungary,Iceland,India,Indonesia,Iran,Iraq,Ireland,Israel,Italy,Jamaica,Japan,Jordan,Kazakhstan,Kenya,Kiribati,Kosovo,Kuwait,Kyrgyzstan,Laos,Latvia,Lebanon,Lesotho,Liberia,Libya,Liechtenstein,Lithuania,Luxembourg,Macao,Madagascar,Malawi,Malaysia,Maldives,Mali,Malta,Marshall Islands,Martinique,Mauritania,Mauritius,Mexico,Micronesia (Federated States of),Moldova,Mongolia,Montenegro,Montserrat,Morocco,Mozambique,Myanmar,Namibia,Nauru,Nepal,Netherlands,New Caledonia,New Zealand,Nicaragua,Niger,Nigeria,Niue,North Korea,North Macedonia,Norway,Occupied Palestinian Territory,Oman,Pakistan,Palau,Panama,Papua New Guinea,Paraguay,Peru,Philippines,Poland,Portugal,Qatar,Republic of South Sudan,Romania,Russian Federation,Rwanda,Réunion,Saint Helena,Saint Kitts and Nevis,Saint Lucia,Saint Pierre and Miquelon,Saint Vincent and the Grenadines,Samoa,Sao Tome and Principe,Saudi Arabia,Senegal,Serbia,Seychelles,Sierra Leone,Singapore,Slovakia,Slovenia,Solomon Islands,Somalia,South Africa,South Korea,Spain,Sri Lanka,Sudan,Suriname,Swaziland,Sweden,Switzerland,Syria,Taiwan,Tajikistan,Tanzania,Thailand,Timor-Leste,Togo,Tonga,Trinidad and Tobago,Tunisia,Turkey,Turkmenistan,Turks and Caicos Islands,Tuvalu,Uganda,Ukraine,United Arab Emirates,United Kingdom,United States of America,Uruguay,Uzbekistan,Vanuatu,Venezuela,Vietnam,Wallis and Futuna Islands,Western Sahara,Yemen,Zambia,Zimbabwe
1960,0,0.084272,0,,0,,0,2.3633,0.40499,0,0,2.9202,4.3627,0,0,0.13149,0.003664,1.9528,0.062291,0,0,0,,0.010992,0,0.013529,,0.11358,,0.30411,0,0,0,0,0,21.537,0,,0,0,0.0916,1.9932,0.68883,0,0,,0,0.20015,0,0,0,1.3562,0,0,0,0,0,0,0,0,0,0,,0.12877,0,0,,0,0,6.2196,0,0,0.01426,0,1.0821,1.3484,0,,0,0,0,0,0,0,0,0,0,0,0,1.0113,0,0,4.6671,1.8391,1.1578,0,0,12.0802,0,1.6012,0,1.1153,0,,,1.8064,0.21777,0,0.45479,0,,0,0,,0.94305,0,0,0,0,0.14643,,0,0,,0,0,0,6.379,,0.60268,0,0,,0.01832,0,0.040304,,,0,0.64853,0,0,0,0,0,,0,0,0,,,1.0006,,0,0,0,0.12452,0,1.4693,0,0,0,20.0018,61.6638,0,0,,,0,0,0,0,0,0,0,0.096176,,0,0,1.4745,0.032846,0,0,0,0,0,0,0,0,0,0,0,0,0.047632,0.31161,0,0,,0,0,1.4677,0.014687,0,2.4782,,,0,12.5911,0,0.15022,630.0248,0,9.9597,,9.5008,0,,,0,0,0
1961,0,0.084137,0.4504,,0,,0,4.0304,0.50001,0,0,3.0888,5.1686,0,0,0.15945,0.0071923,2.4341,0.069616,0,0,0,,0.084272,0,0.015819,,0.11359,,0.2748,0,0,0,0,0,22.966,0,,0,0,0.10257,2.8176,0.71082,0,0,,0,0.23953,0,0,0,1.3249,0,0,0,0,0,0,0,0,0,0,,0.17183,0,0,,0,0,8.9193,0,0,0.014656,0,1.3164,1.4802,0,,0,0,0,0,0,0,0,0,0,0,0,0.92692,0,0.0036641,4.9281,1.9018,1.2238,0,0.007328,12.802,0,2.0445,0,1.4877,0,0,,1.8833,0.2849,0,0.57082,0,,0,0,,1.1722,0,0,0,0,0.1319,,0,0,,0,0,0,8.0352,,0.77185,0,0,,0.018302,0,0.029312,,,0,0.87936,0,0,0,0,0,,0,0,0,,,1.2149,,0,0,0,0.12458,0,1.854,0,0,0,21.537,79.8623,0,0,,,0,0,0,0,0,0,0,0.1126,,0,0,1.438,0.038723,0,0,0,0,0,0,0,0,0,0,0,0,0.069616,0.39375,0,0,,0,0,1.5938,0.014656,0,2.9765,,,0,16.5572,0,0.15022,636.4148,0,11.8937,,10.1126,0,,,0,0,0
1962,0,0.084272,0.68839,,0,,0,5.1076,0.59007,0,0.003664,3.2393,5.8767,0,0,0.1972,0.0072262,2.8824,0.076941,0,0,0,,0.080608,0,0.016551,,0.10991,0,0.29605,0,0,0,0,0,25.9778,0,,0,0,0.10261,2.323,1.0736,0,0,,0,0.23661,0,0,0,1.119,0,0,0,0,0,0,0,0,0,0,,0.22016,0,0,,0,0,10.4094,0,0,0.01832,0,1.5349,1.9676,0,,0,0,0,0,0,0,0,0,0,0,0,0.95623,0,0.010992,5.1919,2.0372,1.2384,0,0.021984,13.3992,0,2.6601,0,1.906,0,0,,2.5435,0.35676,0,0.68111,0,,0,0,,1.3861,0,0,0,0,0.13557,,0,0,,0,0,0,11.8487,,0.94247,0,0,0,0.018342,0,0.032976,,,0,0.96363,0,0,0,0,0,,0,0,0,,,1.4995,,0,0,0,0.12458,0,2.0775,0,0,0,25.4062,99.1299,0,0,,,0,0,0,0,0,0.021984,0,0.1176,,0,0,1.2148,0.039752,0,0,0,0,0,0,0,0,,0,0,0,0.069616,0.47444,0,0,,0,0,1.6268,0.014686,0,3.4287,,,0,20.8965,0,0.21618,676.3671,0,13.6936,0,10.6923,0,,,0,0,0
1963,0,0.084272,0.60456,,0,,0,5.8294,0.70296,0,0.007328,3.3782,6.8329,0,0.095264,0.24444,0.007328,3.4635,0.069614,0,0,0,,0.084018,0,0.020626,,0.16488,0,0.30045,0,0,0,0,0,22.3651,0,,0,0,0.10259,1.9566,1.3042,0,0,,0,0.28293,0,0,0,1.0451,0,0,0,0,0,0,0,0,0,0,,0.27515,0,0,,0,0,9.6973,0,0,0.01832,0,1.8093,2.5611,0,,0,0,0,0,0,0,0,0,0,0,0,1.3484,0,0.010992,5.3714,2.2055,1.3923,0,0.018312,13.6188,0,3.6713,0,2.3814,0,0,,2.9165,0.4405,0,0.82097,0,,0,0,,1.6631,0,0,0,0,0.10626,,0,0,,0,0,0,11.6582,,1.1482,0,0,0,0.021984,0,0.029312,,,0,1.1176,0,0,0,0,0.058624,,0,0,0,,,1.8822,,0,0,0,0.13918,0,2.3413,0,0.16854,0,27.9842,121.2495,0,0,,,0,0,0,0,0,0.029297,0,0.14633,0,0,0,1.1391,0.048875,0,0,0,0,0.003664,0,0,0,,0,0,0,0.095264,0.57333,0,0,,0,0,1.5938,0.014656,0,4.0165,,,0,25.8236,0,0.28946,718.4554,0,15.9609,0,11.5599,0,,,0,0,0
1964,0,0.084272,1.1908,,0,,0,6.4665,0.83401,0,0.0073278,3.5214,7.9246,0,0.095483,0.30881,0.0071814,4.1634,0.07328,0,0,0,,0.091374,0,0.028355,,0.16121,0,0.26747,0,0,0,0,0,34.1595,0,,0,0,0.10259,2.0299,1.3811,0,0,,0,0.37156,0,0,0,0.9885,0,0,0,0,0,0,0,0.098928,0,0,,0.34155,0,0,,0,0,10.7393,0,0,0.01832,0,2.1226,3.8252,0,,0,0,0,0,0,0,0,0,0,0,0,1.7183,0,0.021985,5.2432,2.3083,1.4583,0,0.054938,14.3046,0,4.0047,0,2.9545,0,0,,3.2165,0.54078,0,0.98916,0,,0,0,,1.9942,0,0,0,0,0.098879,,0,0,,0,0,0,13.4535,,1.3944,0,0,0,0.021984,0,0.007328,,0,0,1.5389,0,0,0,0,0.10264,,0,0,0,,0,2.3635,,0,0,0,0.65952,0,2.6821,0,0.15031,0,30.1584,147.2141,0,0,,,0,0,0,0,0,1.2384,0,0.20104,0,0,0,1.0704,0.066201,0,0,0,0,0.003664,0,0,0,0,0,0,0,0.30411,0.69062,0,0,,0,0,2.0848,0.01832,0,4.6866,,,0,31.6643,0,0.51296,759.0717,0,18.4686,0,12.7186,0,,,0,0,0
1965,0,0.08413,1.778,,0,,0,7.2474,0.94722,0,0.007328,3.4222,8.8703,0,0.095264,0.36383,0.007328,4.7782,0.095264,0,0,0,,0.10626,0,0.042599,,0.1942,0,0.32255,0.12459,0,0,0,0,38.036,0,,0,0,0.11358,2.1105,1.7035,0,0,,0,0.46985,0,0,0,0.89185,0,0,0,0,0,0,0,0.095251,0,0,,0.40179,0,0,,0,0,10.4086,0,0,0.021984,0,2.3933,5.5363,0,,0,0,0,0,0,0,0,0,0,0,0,2.3413,0,0.28213,6.0566,2.3781,0.95282,0,0.13557,14.5058,0,3.609,0,3.4732,0,0,,3.4438,0.63001,0,1.1375,0,,0,0,,2.2825,0,0,0,0,0.098971,,0,0,,0,0,0,15.7654,,1.6129,0,0,0,0.021984,0,0.014656,,0,0,3.0155,0,0,0,0,0.18692,,0,0,0,,0,2.8004,,0,0,0,0.62307,0,3.151,0,0.15398,0,33.489,170.2277,0,0,,,0,0,0,0,0,1.9749,0,0.30036,0,0,0,0.96214,0.093474,0,0,0,0,0.007328,0,0,0,0,0,0,0,0.56426,0.79357,0,0,,0,0,2.2481,0.018347,0,5.2636,,,0,36.8887,0,1.6854,782.6048,0,20.6003,0,13.4733,0,,,0,0,0
1966,0,0.10274,1.8503,,0,,0,7.8483,1.0338,0,0.007328,3.6717,9.5891,0,0.11358,0.40651,0.007328,5.2377,0.20151,0,0,0,,0.1319,0,0.04634,,0.24549,0,0.28946,0.18686,0,0,0,0,42.4218,0,,0,0,0.11356,2.5684,2.0225,0,0,,0,0.44509,0,0,0,0.99057,0,0,0,0,0,0,0,0.10626,0,0,,0.45091,0,0,,0,0,11.6259,0,0,0.021984,0,2.6018,6.6795,0,,0,0,0,0,0,0,0,0,0,0,0,3.1987,0,0.31144,6.0712,2.6822,1.0406,0,0.17958,15.8395,0,3.7007,0,3.8963,0,0,,4.7632,0.70096,0,1.2494,0,,0,0,,2.4985,0.010989,0,0,0,0.11358,,0,0,,0,0,0,17.012,,1.7822,0,0,0,0.025648,0,0.021984,,0,0,5.7195,0,0,0,0,0.33718,,0,0,0,,0,3.1705,,0,0,0,0.65201,0,3.7629,0,0.15755,0,36.0135,188.6175,0,0,,,0,0,0,0,0,2.1764,0,0.32519,0,0,0,1.0617,0.096051,0,0,0,0,0.014656,0,0,0,0,0,0,0,0.81356,0.87266,0,0,,0,0,2.6417,0.01832,0,5.7047,,,0,41.1158,0,1.6488,842.207,0,22.269,0,14.3262,0,,,0,0,0
1967,0.26014,0.12824,1.7909,,0,,0,8.2083,1.1014,0,0.007328,3.5174,10.0703,0,0.11358,0.47494,0.0072492,5.5613,0.92699,0,0,0,,0.13923,0,0.056811,,0.25648,0,0.29558,0.56796,0,0,0,0,45.0635,0,,0,0,0.12455,2.7993,2.1068,0,0,,0,0.42943,0,0,0,1.2162,0,0,0,0,0,0,0,0.10626,0,0,,0.50259,0,0,,0,0,13.1392,0,0,0.032976,0,2.7615,8.7753,0,,0,0,0,0,0,0,0,0,0,0,0,4.1327,0,0.48731,6.1225,2.8396,0.89035,0,0.20885,17.3011,0,3.9095,0,4.344,0,0,,5.1985,0.76973,0,1.3319,0,,0,0,,2.6545,0.007328,0,0,0,0.13923,,0,0,,0,0,0,19.8141,,1.9253,0,0,0,0.021984,0,0.014656,,0,0,10.3288,0,0,0,0,0.34808,,0,0,0,,0,3.696,,0,0,0,0.6009,0,4.7302,0,0.21618,0,39.5932,206.2914,0,0,,,0,0,0,0,0,2.1801,0,0.39532,0,0,0,1.2818,0.10553,0,0,0,0,0.007328,0,0,0,0,0,0.0036644,0,0.9673,0.93697,0,0,,0,0,2.9165,0.01832,0,6.0247,,,0,45.4194,0.86856,2.7773,881.2836,0,23.6058,0,15.6938,0,,,0,0,0
1968,0.34704,0.14656,1.8841,,0,,0,9.1417,1.1629,0,0.010992,3.7449,10.4792,0,0.51662,0.52946,0.0072674,5.864,2.3926,0,0,0,,0.12846,0,0.073701,,0.23082,0,0.28579,0.87564,0,0,0,0,55.5249,0,,0,0,0.12826,2.6857,2.1761,0,0,,0,0.4881,0,0,0,1.479,0,0,0,0,0,0,0.032976,0.10626,0,0,,0.55518,0,0,,0,0,15.5732,0,0,0.047632,0,2.9024,14.4655,0,,0,0,0,0,0,0,0,0,0,0,0,5.3278,0,0.75112,6.3094,3.0375,0.93083,0,0.27106,20.2216,0,4.2282,0,4.7993,0,0,,6.4094,0.83772,0,1.4093,0,,0,0,,2.8,0.010989,0,0,0,0.13557,,0,0,,0,0,0,19.8259,,2.0625,0,0,0,0.021984,0,0.021984,,0,0,17.0339,0,0,0,0,0.28213,,0,0,0,,0,4.1531,,0,0,0,0.68883,0,6.2765,0,0.98562,0,41.9162,223.3418,0,0,0,,0,0,0,0,0,3.147,0,0.50892,0,0,0,1.5529,0.12824,0,0,0,0,0.0036641,0,0,0,0,0,0.021984,0,1.3449,0.99751,0,0,,0,0,3.0594,0.021962,0,6.3028,,,0,49.6776,1.1505,6.2655,936.3608,0,24.7507,0,16.1994,0,,,0,0,0
1969,0,0.16854,2.4761,,0,,0,9.105,1.2231,0,0.48731,4.672,10.9212,0,0.59357,0.67314,0.0072725,6.1474,4.9536,0,0,0,,0.19025,0,0.094465,,0.2345,0,0.32243,0.90867,0,0,0,0,58.2979,0,,0,0,0.1429,3.7593,2.4256,0,0.0072749,0,0,0.57582,0,0,0,1.8285,0,0,0,0,0,0,0.03301,0.13559,0,0,,0.60147,0,0,,0,0,17.8196,0,0,0.047632,0,3.0452,20.621,0,,0,0,0,0,0,0,0,0,0,0,0,6.368,0,0.99663,4.9982,9.0208,1.4619,0,0.27107,22.3467,0,4.7192,0,5.2013,0,0,,7.1558,0.89847,0,1.4809,0,,0,0,,2.9381,0.01832,0,0,0,0.19786,,0,0,,0,0,0,19.5944,,2.1863,0,0,0,0.080608,0,0.032976,,0,0,18.5032,0,0,0,0,0.12091,,0,0,0,,0,5.0863,,0,0,0,0.70698,0,8.6799,0,1.6305,0,46.0177,238.8467,0,0,,,0,0,0,0,0,3.3489,0,0.64832,0,0,0,1.8964,0.15768,0,0,0,0,0.12824,0,0,0,0,0,0.025646,0.19053,1.6893,1.0536,0,0,,0,0,3.0741,0.021963,0,6.5934,,,0,53.4932,1.1322,12.2523,1018.0827,0,25.9761,0,16.674,0,,,0,0,0
1970,0.21665,0.18705,0.13557,,0.084186,,0,10.2812,1.1411,0,2.7553,5.6723,10.3397,0,0.67146,0.55987,0.0072659,5.5967,7.8373,0,0,0,0,0.062288,0,0.12944,,0.15389,0,0.38838,0.82435,0,0,0,0,62.6251,0,,0,0,2.3673,5.5033,2.715,0,0.080095,0,0,0.77447,0,0,0,1.9969,0,0,0,0,0,0,0.032976,0.16485,0,0,,0.54886,0,0,,0,0,19.7899,0,0,0.03664,0,2.8755,29.7663,0,,0,0,0,0,0,0,0,0,0,0,0,6.2654,0,0.92333,2.301,20.5587,1.5059,0,0.23455,22.0719,0,7.6761,0,4.7533,0,0,,3.9168,0.82217,0,1.3495,0,,0,0,,2.6876,0.047632,0,0,0,0.043957,,0,0,,0,0,0,20.61,,1.9982,0,0,0,0.0916,0,0.10983,,0,0,35.3457,0,0.20518,0,0,0.21251,0,0,0,0,,0,4.1476,,0,0,0,0.72562,0,10.9152,0,1.9236,0,49.2427,221.7948,0,0,,,0,0,0,0,0,0,0,0.8902,0,0,0,2.0602,0.21396,0,0,0,0,0.16487,0,0,0,0,0,0.08428,0,1.7219,0.96894,0,0,,0,0,3.5812,0.011003,0,6.2345,,,0,49.4216,0.43968,23.1052,1059.2111,0,24.9849,0,18.7844,0,,,0,0,0
1971,0.43968,0.24182,0.67418,,0.084181,,0,11.0213,1.2562,0,4.1,6.5581,11.3582,0,0.97829,0.59605,0.0072729,6.2657,10.8161,0,0,0,0,0.069533,0,0.14679,,0.24915,0,0.36274,0.56792,0,0,0,0,67.4689,0,,0,0,2.4919,7.1741,3.0122,0,0.13923,0,0,0.9245,0.003664,0,0,2.3128,0,0,0,0,0,0,0.032947,0.16119,0,0,,0.63441,0,0,,0,0,23.8079,0,0,0.17954,0,3.1618,40.1829,0,,0,0,0,0,0,0,0,0,0,0,0,6.9946,0,1.0845,2.7114,18.0269,1.7766,0,0.21618,25.0544,0,8.0937,0,5.4787,0,0,,4.0487,0.92993,0,1.5173,0,,0,0,,2.9829,0.062288,0,0,0,0.16488,0,0,0,,0,0,0,20.086,,2.2589,0,0,0,0.098884,0,0.12824,,0,0,45.7634,0,0.26374,0,0,0.35178,0,0,0,0,,0,4.3391,,0,0,0,0.72181,0,11.3218,0,1.9309,0,52.5842,250.6384,0,0,,,0,0,0,0,0,0.003664,0,1.0097,0,0,0,2.3582,0.24991,0,0,0,0,0.81707,0,0,0,0,0,0.20152,0,2.0299,1.0836,0,0,,0,0,3.4881,0.0036608,0,6.8256,,,0,56.3446,1.1067,37.2262,1096.9274,0,26.9577,0,19.5683,0,,,0,0,0
1972,0.30045,0.27846,3.1364,,0.10983,,0,12.4686,1.3046,0,5.8442,7.0825,11.7248,0,2.1691,0.71448,0.003664,6.4513,13.5975,0,0,0,0,0.098928,0,0.18229,0,0.2748,0,0.73646,0.38106,0,0,0,0,76.4853,0,,0,0,2.5541,9.2809,3.5353,0,0.16033,0,0,1.1341,0.014653,0,0,2.5425,0,0,0,0,0,0,0.040304,0.13555,0,0,,0.67231,0,0,,0,0,28.2706,0,0,0.19786,0,3.2828,52.6515,0,,0,0,0,0,0,0,0,0,0,0,0,7.65,0,1.2055,1.9969,17.4657,1.7951,0,0.21618,28.9493,0,7.9839,0,5.811,0,0,,4.7852,0.97808,0,1.5651,0,,0,0,,3.079,0.26747,0,0,0,0.22721,0,0,0,,0,0,0,21.5553,,2.349,0,0,0,0.1063,0,0.19786,,0,0,59.1516,0,0.42136,0,0,0.52391,0,0,0,0,,0,5.4081,,0,0,0,0.70349,0,11.7321,0,2.1178,0,54.5423,263.5913,0,0,,,0,0,0,0,0,0.54224,0,1.2408,0,0,0,2.564,0.31041,0,0,0,0,1.6268,0,0,0,0,0,0.25648,0,2.3415,1.1254,0,0,,0,0,3.6127,0.044002,0,7.0718,,,0,59.5582,1.3078,52.6593,1115.6733,0,28.1312,0,19.7808,0,,,0,0,0
1973,0.33268,0.3664,3.1474,,0.12458,,0,14.187,1.3535,0,6.4853,7.6211,12.094,0,3.0741,1.1432,0.007328,6.6668,16.3813,0,0,0,0,0.11725,0,0.21531,0,0.37739,0,0.86072,0.3847,0,0,0,0,81.8684,0,,0,0,2.2644,11.4683,3.686,0,0.0294,0,0,0.99531,0.029307,0,0,2.7644,0,0,0,0,0,0,0.065952,0.16854,0,0,,0.71988,0,0,,0,0,32.4134,0,0,0.90867,0,3.4047,67.751,0,,0,0,0,0,0,0,0,0,0,0,0,9.0428,0,1.1688,3.1437,19.1884,2.323,0,0.095282,32.6972,0,10.5817,0,6.2228,0,0,,5.3576,1.0337,0,1.6219,0,,0,0,,3.1826,0.50184,0,0,0,0.22717,0,0,0,,0,0,0,24.0212,,2.4559,0,0,0,0.13557,0,0.19419,,0,0,65.2595,0,0.50553,0,0,0.58253,0,0,0,0,,0,6.1727,,0,0,0,0.69616,0,12.311,0,3.0338,0,57.5504,278.5483,0,0,,,0,0,0,0,0,0.94531,0,1.4503,0,0,0,2.7457,0.30746,0,0,0,0,2.1581,0,0,0,0,0,0.34808,0,2.704,1.1721,0,0,,0,0,3.4771,0.26381,0,7.3126,,,0,63.3887,1.6305,56.9935,1174.859,0,29.1824,0,23.6181,0,,,0,0,0
1974,0.40014,0.42905,2.4512,,0.1318,,0,14.9235,1.4066,0,7.7091,8.2733,12.4765,0,3.7897,1.3824,0.003664,6.9015,19.1522,0,0,0,0,0.28579,0,0.23253,0,0.6925,0,1.3661,0.83906,0,0,0,0,83.5164,0,,0,0,2.2567,14.4398,3.5684,0,0.032976,0,0,1.1025,0.03664,0,0,3.3974,0,0,0,0,0,0,0.065992,0.080619,0,0,,0.77435,0,0,,0,0.86837,33.7354,0,0,1.0516,0,3.5342,84.4952,0,,0,0,0,0,0,0,0,0,0,0,0,9.5704,0,1.3593,3.272,24.1751,1.5535,0,0.11361,37.065,0,14.1614,0,6.6952,0,0,,5.7096,1.0966,0,1.6835,0,,0,0,,3.2963,0.67051,0,0,0,0.47632,0,0,0,,0,0,0,25.0911,,2.5733,0,0,0,0.12091,0,0.20152,,0,0,70.052,0,0.57514,0,0,0.77672,0,0,0,0,,0,7.0056,,0,0,0,0.7256,0,12.6556,0,2.4952,0,64.0467,295.1396,0,0,,,0,0,0,0,0,1.0369,0,1.5642,0,0,0,3.3311,0.33793,0,0,0,0,2.0702,0,0,0,0,0,0.73646,0,2.8396,1.2233,0,0,,0,0,3.1804,0.46533,0,7.5673,,,0,67.7074,1.7951,68.1614,1134.215,0,30.3023,0,24.3045,0,,,0,0,0
1975,0.4755,0.55326,4.4586,,0.12458,,0,15.7222,1.5192,0,8.3686,8.1084,13.3967,0,3.9901,0.96363,0.003664,7.4847,18.6534,0,0,0,0,0.24893,0,0.23114,0,0.78043,0,1.5169,2.224,0,0,0,0,85.9143,0,,0,0,2.2567,16.9716,3.598,0,0.032976,0,0,1.148,0.032976,0,0,3.7873,0,0,0,0,0,0,0.07328,0.087936,0,0,,0.85412,0,0,,0,1.4181,38.9172,0,0,0.31144,0,3.8058,88.8117,0,,0,0,0,0,0,0,0,0,0,0,0,11.0323,0,1.7331,5.1076,22.889,2.4952,0,0.10624,42.1726,0,17.1549,0,7.382,0,0,,6.0822,1.2005,0,1.8278,0,,0,0,,3.5708,0.7841,0,0,0,0.57525,0,0,0,,0,0,0,25.7182,,2.8035,0,0,0,0.14651,0,0.35146,,0,0,71.8987,0,0.60456,0,0,0.7731,0,0,0,1.3899,,0,7.5991,,0,0,0,0.93798,0,14.5388,0,4.2392,0,69.9494,321.8791,0,0,,,0,0,0,0,0,1.0552,0,1.5591,0,0,0,3.6804,0.34526,0,0,0,0,2.5392,0,0,0,0,0,1.1835,0,2.8176,1.3282,0,0,,0,0,2.9019,0.48731,0,8.1356,,,0,74.1994,1.5206,71.382,1042.504,0,32.4864,0,23.6291,0,,,0,0,0
1976,0.30045,0.67101,6.0634,,0.10992,,0,16.4666,1.6631,0,9.2589,9.2632,14.5702,0,4.1806,1.4116,0.0073789,8.2846,19.9138,0,0,0,0,0.30387,0,0.24876,0,0.916,0,1.0229,3.891,0,0,0,0,98.928,0,,0,0,1.5977,19.368,3.7003,0,0.0147,0,0,1.1708,0.040304,0,0,4.2944,0,0,0,0,0,0,0.073247,0.72921,0,0,,0.94835,0,0,,0,1.5243,40.0729,0,0,0.095264,0,4.1442,93.6341,0,,0,0,0,0,0,0,0,0,0,0,0,13.5171,0,2.2937,5.6429,22.834,3.4625,0,0.10259,51.0065,0,20.6833,0,8.1892,0,0,,6.4206,1.3284,0,2.023,0,,0,0,,3.943,0.89768,0,0,0,0.68161,0,0,0,,0,0,0,25.1827,,3.1016,0,0,0,0.16488,0,0.48365,,0,0,74.9581,0,1.6854,0,0,1.2128,0,0,0,2.3237,,0,7.9839,,0,0,0,1.0406,0,16.2425,0,2.8333,0,76.3232,353.6879,0,0,,,0,0,0,0,0,1.1139,0,1.6702,0,0,0,4.1417,0.35984,0,0,0,0,3.3123,0,0,0,0,0,1.2384,0.22344,3.3819,1.4643,0,0,,0,0,3.7629,0.49495,0,8.8525,,,0,81.7917,1.6853,74.0384,1062.805,0,35.0781,0,22.3013,0,,,0,0,0
1977,0.51296,0.69938,3.6054,,0.13557,,0,16.9051,1.7693,0,11.0508,9.4165,15.4113,0,4.5397,1.5792,0.0073738,8.8566,19.6714,0,0,0,0,0.33709,0,0.27829,0,1.1322,0,1.7891,4.9647,0,0,0,0,101.9545,0,,0,0,1.5059,23.2371,4.203,0,0,0,0,1.2381,0.032976,0,0,5.4313,0,0,0,0,0,0,0.095264,2.0958,0,0,,1.0273,0,0,,0,1.7184,42.533,0,0,0.098928,0,4.3943,98.049,0,,0,0,0,0,0,0,0,0,0,0,0,14.1827,0,2.4805,6.6245,20.4447,2.2644,0,0.10259,50.0398,0,24.6843,0,8.8673,0,0,,7.0224,1.4303,0,2.1642,0,,0,0,,4.2108,0.94531,0,0,0,0.62654,0,0,0,,0,0,0,26.5012,,3.3264,0,0,0,0.13194,0,0.44701,,0,0,74.1024,0,2.7329,0,0,7.0705,0,0,0,3.655,,0,8.8669,,0,0,0,0.95615,0,16.6052,0,3.0851,0,74.1044,379.1211,0,0,,,0,0,0,0,0,1.1615,0,1.8528,0,0,0,5.16,0.38995,0,0,0,0,3.0668,0,0,0,0,0,1.4143,0.069599,3.525,1.5657,0,0,,0,0,4.5334,0.53128,0,9.3748,,,0,88.0434,1.114,79.01,1041.058,0,37.0342,0,25.1072,0,,,0,0,0
1978,0.30096,0.67822,23.8563,,0.13557,,0,16.4257,1.8207,0,13.8023,9.8018,15.7399,0,4.9844,1.6744,0.01832,9.0502,19.5035,0,0,0,0,0.64486,0,0.32306,0,1.4839,0,3.6017,5.2945,0,0,0,0,104.5513,0,,0,0,0.91234,26.2855,5.5693,0,0.003664,0,0,1.2925,0.021981,0,0,6.0955,0,0,0,0,0,0,0.095231,3.0778,0,0,,1.094,0,0,,0,1.8686,45.877,0,0,0.06965,0,4.5176,105.2707,0,,0,0,0,0,0,0,0,0,0,0,0,15.4987,0,2.7407,7.8703,18.833,2.3452,0.01832,0.10259,51.9519,0,34.5037,0,9.4503,0,0,,7.9216,1.5019,0,2.2171,0,,0,1.4949,,4.3105,1.0406,0,0,0,0.10626,0,0,0,,0,0,0,33.5036,,3.4422,0,0,0,0.16117,0,0.52395,,0,0,78.0432,0,2.6899,0,0,4.9757,0,0,0,4.603,,0.75443,9.0831,,0,0,0,0.99677,0,16.3927,0,2.8333,0,76.5827,397.5709,0,0,,,0,0,0,0,0,1.1615,0,2.1384,0,0,0,5.7911,0.42284,0,0,0,0,3.0888,0,0,0,0,0,1.5534,0.065952,3.4991,1.6152,0,0,,0,0,5.6023,0.65952,0.040304,9.6104,,,0,93.1193,1.2787,81.5235,1045.228,0,38.1852,0,25.9558,0,,,0,0,0
1979,0.38472,0.70681,8.1671,,0.13557,,0,18.0159,1.938,0,15.2862,9.7609,16.5263,0,5.391,1.9163,0.022119,9.6543,21.3135,0,0,0,0,0.67837,0,0.39226,0,1.6304,0,3.4735,5.6643,0,0,0,0,112.5727,0,,0,0,1.418,27.7767,5.9728,0,0.003664,0,0,1.4987,0.03298,0,0,6.6799,0,0,0,0,0,0,0.084272,5.529,0,0,,1.1728,0,0,,0,1.8795,48.6503,0,0,0.05496,0,4.7691,114.7202,0,,0,0,0,0,0,0,0,0,0,0,0,16.6089,0,3.0301,7.3827,24.0505,3.3636,1.0554,0.13193,50.8783,0,40.8902,0,10.144,0,0,,6.5902,1.6162,0,2.3616,0,,0,2.3373,,4.6126,1.0809,0,0,0,0.11725,0,0,0,,0,0,0,40.8829,,3.6718,0,0,0,0.14293,0,0.53861,,0,0,84.5028,0,2.0079,0,0,2.5208,0,0,0,4.764,,1.2708,9.7426,,0,0,0,0.92333,0,17.8986,0,8.3744,0,73.9835,422.8175,0.003664,0,,,0,0,0,0,0,1.2311,0,2.5849,0,0,0,6.2698,0.4993,0,0,0,0,3.5064,0,0,0,0,0,1.7366,0.069605,3.3892,1.7232,0,0,,0,0,6.3218,0.76211,0.003664,10.1433,,,0,99.3615,7.1712,89.1933,1080.485,0,40.3371,0,30.0375,0,,,0,0,0
1980,0.18725,0.7731,25.4795,,0.14666,,0,19.5658,2.0374,0,17.6712,9.2839,17.3863,0,5.5949,2.2157,0.025648,10.1863,20.3907,0,0,0,0,0.66632,0,0.50012,0,1.8833,0,2.9019,7.247,0,0,0,0,112.0405,0,,0,0,1.4324,27.3188,6.9072,0,0.003664,0,0,1.8752,0.032976,0,0,8.4864,0,0,0,0,0,0,0.07328,3.0778,0,0,,1.2189,0,0,,0,1.7659,49.6064,0,0,0.029312,0,5.0087,115.4526,0,,0,0,0,0,0,0,0,0,0,0,0,17.9023,0,2.4879,12.1645,13.282,2.462,1.6852,0.2748,52.2413,0,47.9324,0,10.5412,0,0,,13.9452,1.6894,0,2.4889,0,,0,2.319,,4.8647,0.97096,0,0,0,0.13925,0,0,0,,0,0,0,43.7927,,3.8555,0,0,0,0.12824,0,0.65263,,0,0,79.1221,0,1.821,0,0,2.5428,0,0,0,3.7186,,1.6122,11.5343,,0,0,0,1.0259,0,17.8583,0,8.6385,0,76.8282,441.3794,0.0036371,0,,,0,0,0,0,0,21.9437,0,3.2595,0,0,0,7.8573,0.63392,0,0,0,0,3.9864,0,0,0,0,0,1.9824,0.0916,3.4478,1.8112,0,0,,0,0,7.2019,0.90134,0.043968,10.6636,,,0,103.4447,8.7744,88.4233,1058.054,0,42.2997,0,32.9027,0,,,0,0,0
1981,0.30411,0.80568,11.1651,,0.17221,,0,20.4854,2.1122,0,20.3608,8.8192,17.7082,0,5.6462,2.4402,0.014656,10.6321,18.8073,0,0,0,0,0.67418,0,0.50329,0,1.6854,0,1.1835,7.8923,0,0,0,0,110.0263,0,,0,0,1.6417,24.3876,7.3824,0,0,0,0,2.6262,0.025645,0,0,7.3782,0,0,0,0,0,0,0.1319,3.6603,0,0,,1.3579,0,0,,0,1.4033,50.5392,0,0,0.13549,0,5.1514,110.0006,0,,0,0,0,0,0.029312,0,0,0,0,0,0,18.3273,0,2.8836,13.3992,12.1425,0.65578,2.5685,0.27846,50.4496,0,48.5922,0,11.7365,0,0,,11.5196,1.8314,0,2.6073,0,,0,3.3562,,5.0697,0.7435,0,0,0,0.15389,0,0,0,,0,0,0,47.3096,,4.0935,0,0,0,0.1832,0,0.80922,,0,0,81.491,0,2.1618,0,0,9.8384,0,0,0,4.1539,,1.1871,13.3956,,0,0,0,1.2053,0,17.4626,0,9.5447,0,80.7399,472.6504,0.003664,0,0,0,0,0,0,0,0,42.649,0,3.349,0,0,0,6.9196,0.78775,0,0,0,0,4.4077,0,0,0,0,0,2.1398,0.0916,2.9457,1.9041,0,0.56059,,0,0,6.5966,0.88669,0.029312,10.9138,,,0,112.6985,11.1484,89.6068,1032.089,0,43.1446,0,31.6252,0.01832,,,0,0,0
1982,0.39571,0.8647,7.1704,,0.17207,,0,23.2489,2.2346,0,22.5299,8.5444,18.6287,0,6.2105,3.1643,0.018216,11.3435,15.5249,0,0,0,0,0.66629,0,0.56119,0,2.3816,0,1.1782,8.7496,0,0,0,0,110.3257,0,,0,0,1.6964,22.9,7.7231,0,0.003664,0,0,2.6037,0.018322,0,0,7.8821,0,0,0,0,0,0,0.17221,4.0817,0,0,,1.4469,0,0,,0,1.3226,48.5973,0,0,0.21996,0,5.424,102.0168,0,,0.21618,0,0,0,0.058683,0,0,0,0,0,0,19.0996,0,4.3602,15.517,12.6261,0.66685,3.7922,0.13559,52.8024,0,49.7461,0,12.5008,0,0,,8.7994,1.9513,0,2.7801,0,,0,1.3887,,5.4026,0.62288,0,0,0,0.16854,0,0,0,,0,0,0,51.8426,,4.3601,0,0,0,0.15022,0,0.94593,,0,0,62.682,0,3.8619,0,0,9.8378,0,0,0,4.06,,1.5682,13.8439,,0,0,0,1.2971,0,17.7081,0,8.8496,0,81.0822,500.0319,0.0036421,0,0,0,0,0,0,0,0,17.1809,0,3.6784,0,0,0,7.3848,0.82343,0,0,0,0,4.7888,0,0,0,0,0,2.2605,0.095278,2.517,2.0241,0,2.4473,,0,0,7.2562,0.95667,0.073283,11.4899,,,0,119.4443,11.6772,93.3141,960.901,0,45.188,0,32.9491,0.040296,,,0,0,0
1983,0.61555,0.97462,16.6101,,0.19786,,0,26.2636,2.3827,0,22.7901,8.6837,19.704,0,6.5586,3.5211,0.021867,12.2539,16.2938,0,0,0,0,0.60456,0,0.56868,0,3.3783,0,1.3117,9.1999,0,0,0,0,114.031,0,,0,0,1.8027,23.4386,8.4712,0,0.003664,0,0,2.876,0.014656,0,0,7.8447,0,0,0.029312,0,0,0,0.20156,4.1989,0,0,,1.5777,0,0,,0,1.2824,53.0511,0,0,0.17954,0,5.7472,106.0211,0,,0.15755,0,0,0,0.062216,0,0,0,0,0,0,18.5911,0,5.2432,13.6489,16.0337,0.65586,4.0634,0.11357,51.5122,0,53.3478,0,13.6152,0,0,,9.6656,2.1142,0,3.0037,0,,0,3.73,,5.8202,0.59357,0,0,0,0.74013,0,0,0,,0,0,0,51.9006,,4.7134,0,0,0,0.16122,0,0.98928,,0,0,66.6958,0,4.1916,0,0,4.4115,0,0,0,4.5751,,2.0225,14.5754,,0,0,0,0.94548,0,18.309,0,8.288,0,80.6761,536.449,0.003664,0,0,0,0,0,0,0,0,8.4087,0,3.7613,0,0,0,7.3764,0.87834,0,0,0,0,5.038,0,0,0,0,0,2.484,0.14658,2.6088,2.1776,0,2.9456,,0,0,7.7237,0.93432,0.014655,12.1624,,,0,128.796,10.6806,97.1686,901.094,0,47.4471,0,34.2341,0.13557,,,0,0,0
1984,0.93186,1.0442,30.5101,,0.22,,0,27.3014,2.5711,0,24.0505,9.7199,21.0634,0,6.8077,4.4664,0.03682,13.4914,16.8141,0,0,0,0,0.46575,0,0.65354,0,4.1696,0,1.0976,9.2923,0,0,0,0,121.2308,0,,0,0,1.81,24.2264,8.5188,0,0.003664,0,0,3.5228,0.0073272,0,0,8.756,0,0,0.21619,0,0,0,0.19419,5.3497,0,0,,1.7357,0,0,,0,1.4621,54.2927,0,0,0.076944,0,6.1486,108.5313,0,,0.17222,0,0,0,0.032976,0,0,0,0,0,0,19.1473,0,6.1701,24.3876,25.1381,0.92333,4.3089,0.08795,60.9287,0,71.6969,0,14.9531,0,0,,10.4607,2.3177,0,3.3047,0,,0,5.6169,,6.3814,0.63754,0,0,0,1.6453,0,0,0,,0,0,0,52.4465,,5.1735,0,0,0,0.16118,0,1.3264,,0,0,70.5283,0,5.5949,0,0,3.9388,0,0,0,5.3723,,2.9532,14.6023,,0,0,0,1.1615,0,18.7632,0,7.835,0,68.7366,580.1643,0,0,0,0,0,0,0,0,0,34.9033,0,4.328,0,0,0,8.1527,1.0541,0,0,0,0,4.7852,0,0,0,0,0,2.7702,0.24912,2.6343,2.3769,0,4.4404,,0,0,7.7604,1.6928,0.073277,13.005,,,0,139.8738,14.7329,99.6095,962.252,0,50.1209,0,37.6329,0.11725,,,0,0,0
1985,1.192,0.97096,27.6998,,0.21984,,0,28.809,2.8948,0,30.1474,10.4021,23.7577,0,8.2403,5.0838,0.047632,15.4788,16.7701,0,0,0,0,0.42136,0,0.66511,0,4.9941,0,1.2348,8.9512,0,0,0,0,125.2245,0,,0,0,1.847,24.8199,7.3494,0,0.0073071,0,0,3.6511,0.010992,0,0,8.7883,0,0,1.2861,0,0,0,0.18686,6.881,0,0,,1.8758,0,0,,0,1.8614,56.2515,0,0,0.095264,0,6.8906,108.5317,0,,0.16488,0,0,0,0,0,0,0,0,0,0,18.1815,0,7.1997,27.0733,27.3921,1.5389,4.4554,0.09525,62.5042,0,76.9806,0,16.141,0,0,,10.3961,2.5592,0,3.7752,0,,0,6.2984,,7.2968,0.6925,0,0,0,3.3855,0,0,0,,0,0,0,54.5826,,5.8231,0,0,0,0.16488,0,1.7917,,0,0,74.0659,0,6.87,0,0,5.3748,0,0,0,4.9875,,3.675,15.4731,,0,0,0,1.1869,0,17.8768,0,8.6104,0,68.5315,636.9629,0,0,0,0,0,0,0,0,0,39.0884,0,4.4136,0,0,0,8.1616,1.0845,0,0,0,0,5.3825,0,0,0,0,0.15755,2.9019,0.29678,2.3779,2.6812,0,5.6792,,0,0,9.4275,2.1068,0.12458,14.6236,,,0,152.0324,18.4066,107.9407,926.516,0,55.6993,0,36.5777,0.07328,,,0,0,0
1986,1.2018,1.0516,33.0859,,0.24549,,0,30.9645,2.6524,0,28.0919,9.2479,24.7397,0,9.3762,5.7342,0.051296,14.7847,13.483,0,0,0,0,0.46166,0,0.70346,0,5.987,0,0.94315,9.4352,0,0,0,0,115.7824,0,,0,0,1.6857,26.3515,6.8951,0,0.003664,0,0,3.6997,0.010992,0,0,9.8263,0,0,2.1288,0,0,0,0.19057,8.0425,0,0,,1.5978,0,0,,0,2.2607,56.1537,0,0,0.17221,0,6.6562,100.5508,0,,0.20518,0,0,0,0.022006,0,0,0,0,0,0,19.2864,0,10.3105,22.867,28.5426,0.57525,3.1107,0.065952,59.631,0,81.2529,0,18.3166,0,0,,13.4542,2.3449,0,3.7001,0,,0,8.8486,,6.8532,0.6925,0,0,0,6.5335,0,0,0,,0,0,0,48.4381,,5.3355,0,0,0,0.17584,0,2.0812,,0,0,66.9779,0,8.238,0,0,6.3314,0,0,0,5.9918,,4.4864,16.2315,,0.098928,0,0,1.341,0,19.4925,0,10.7758,0,70.3085,603.8941,0,0,0,0,0,0,0,0,0,48.3355,0,4.6609,0,0,0,9.0826,1.1182,0,0,0,0.14638,5.0232,0,0,0,0,0.41403,2.9715,0.74737,2.1618,2.4567,0,5.4081,,0,0,7.4175,1.4514,0.84638,22.2003,,,0,150.375,22.1179,108.2668,867.866,0,50.3236,0,41.0148,0.076944,,,0,0,0
1987,0.39159,0.45089,40.1171,,0.29678,,0,36.6986,3.1753,0,28.9717,9.6327,26.8496,0,8.9849,5.9284,0.043798,18.3379,15.0962,0,0,0,0,0.60456,0,0.79479,0,6.6392,0,2.0775,10.7827,0,0,0,0,119.1203,0,,0,0,1.6525,26.6006,7.1851,0,0.003664,0,0,4.1527,0.043963,0,0,9.932,0,0,2.7037,0,0,0,0.095264,9.9844,0,0,,1.9021,0,0,,0,2.9937,53.7955,0,0,0.21984,0,7.6717,109.5467,0,,0.2345,0,0,0,0.03664,0,0,0,0,0,0,19.1472,0,12.7763,27.0118,30.6017,1.9198,3.0814,0.07328,66.1102,0,82.7075,0,21.0256,0,0,,14.4472,2.8073,0,4.2288,0,,0,7.9399,,7.8655,0.78443,0,0,0,7.6761,0,0,0,,0,0,0,49.1202,,6.3875,0,0,0,0.14287,0,2.1434,,0,0,69.224,0,7.9142,0,0,6.7051,0,0,0,5.8281,,4.4757,16.7859,,0.098928,0,0,1.2602,0,20.1227,0,9.0692,0,68.1456,701.8711,0,0,0,0,0,0,0,0,0,51.4059,0,5.2278,0,0,0,9.1456,1.269,0,0,0,4.4771,5.485,0,0,0,0,0.55323,3.184,0.73639,2.1911,2.9411,0,6.1885,,0,0,7.786,2.4622,1.3776,24.2326,,,0,168.8173,25.124,107.5091,922.972,0,57.8991,0,40.9708,0.076944,,,0,0,0
1988,0.43968,0.35559,38.9723,,0.30045,,0,42.2325,4.2347,0,29.6857,9.2296,26.8532,0,9.5989,6.9982,0.051296,21.5048,14.9009,0,0,0,0,0.59357,0,0.81158,0,6.8407,0,4.0634,12.2634,0,0,0,0,127.2031,0,,0,0,2.2021,27.3115,7.5332,0,0.003664,0,0,4.1062,0.040304,0,0,9.9668,0,0,3.1694,0,0,0,0.19053,11.5233,0,0,,2.0748,0,0,,0,3.206,53.984,0,0,0.33709,0,8.196,107.6373,0,,0.26379,0,0,0,0.025625,0,0,0,0,0,0,18.9511,0,15.2056,23.3727,38.3951,2.8946,3.7231,0.06228,70.4118,0,86.2066,0,22.2046,0,0,,14.2933,3.7439,0,4.6122,0,,0,8.3438,,8.3052,0.81307,0,0,0,6.445,0,0,0,,0,0,0,49.6325,,8.5185,0,0,0,0.16122,0,2.1087,,0,0,62.735,0,8.6813,0,0,7.2364,0,0,0,7.6071,,4.7266,18.2456,,0.10626,0,0,1.2016,0,19.8917,0,9.5191,0,67.2978,750.1393,0,0,0,0,0,0,0,0,0,55.8137,0.014656,5.3392,0,0,0,9.1856,1.2692,0,0,0,5.7835,7.5077,0,0,0,0,0.71082,3.206,1.7367,2.5063,3.9224,0,10.3068,,0,0,7.1684,2.0592,2.3047,24.8718,,,0,181.1895,25.5601,105.8633,964.373,0,57.815,0,42.7625,0.054969,,,0,0,0
1989,0.47998,0.44701,36.673,,0.319,,0,44.6092,4.6158,0,30.3452,10.0497,27.7655,0,10.0027,7.4159,0.05496,22.2876,16.5582,0,0,0,0,0.8647,0,0.85297,0,7.306,0,4.7192,11.0208,0,0,0,0,138.4223,0,,0,0,3.2536,28.8211,7.0637,0,0.003664,0,0,4.4251,0.062288,0,0,11.1548,0,0,3.6127,0,0,0,0.36274,12.3104,0,0,,2.0419,0,0,,0,4.2609,54.9978,0,0,0.17587,0,8.2329,121.9086,0,,0.30779,0,0,0,0.018336,0,0,0,0,0,0,19.2946,0,18.5177,24.9555,42.5903,2.4804,4.1989,0.062288,84.3343,0,92.7248,0,22.5687,0,0,,17.3527,4.0808,0,4.539,0,,0,10.6916,,8.6741,0.92699,0,0,0,6.892,0,0,0,,0,0,0,51.278,,9.2851,0,0,0,0.11727,0,2.1471,,0,0,76.8158,0,8.8975,0,0,7.9436,0,0,0,7.8316,,4.4554,20.9508,,0.10244,0,0,1.0772,0,19.5291,0,11.5233,0,66.5749,749.2109,0,0,0,0,0,0,0,0,0,56.5805,0.014656,5.6057,0,0,0,10.1208,1.3595,0,0,0,5.5984,10.1238,0,0,0,0,0.94898,3.4885,2.8466,2.5464,4.2753,0,10.2482,,0,0,9.5096,3.1538,5.474,25.2878,,,0,180.2588,31.0597,104.7105,1026.955,0,60.1401,0,39.0472,0.014656,,,0,0,0
1990,0.40304,0.46533,38.908,0,1.0105,0,0,43.2132,4.1987,0,34.4548,11.8363,27.8407,0,10.4534,7.5752,0.051296,26.589,19.8465,0,0,0,0,1.4363,0,0.78937,0,7.484,0,4.591,12.1024,0,0,0,0,125.2781,0,,0,0,2.6127,29.301,8.3728,0,0,0,0,4.8728,0.069625,0,0.001815,12.5645,0,0,4.3503,0,0,0,0.5093,13.0152,0,0,,2.7208,0,0,,0,5.1526,59.1161,0,0,0.20518,0,8.4736,122.2997,0,,0.85817,0,0,0,0.018307,0,0,0,0,0,0,20.4059,0.00017674,21.0972,44.0633,40.0145,3.6896,4.414,0.065945,88.9923,0,118.8723,0.23083,27.4028,0,0,,13.9695,3.712,0,5.4932,0,0,0,9.2727,0.025588,10.5831,1.0358,0,0,0,6.837,0,0,0.0000563,,0,0,0,52.9234,,8.4461,0,0,0,0.10992,0,1.7404,,0,0,73.1224,0,7.1393,0,0,7.4782,0,0,0,7.503,0,4.2026,23.1174,,0,0.14997,0,1.308,0,18.7217,1.0087,8.8999,0,70.6347,787.9717,0,0,0,0,0,0,0,0,0,90.8159,0.010992,5.2255,0,0,0,12.2394,1.7398,0,0,3.4442,6.4331,12.0761,0,0,0,0,1.6166,3.8783,3.1327,3.4055,3.889,0,11.1207,,0,0,10.7502,2.4995,7.6472,16.7504,0,0,0,215.7941,30.7007,113.5176,1023.458,0,62.9388,0,42.3448,0.007328,0,,0,0,0
1991,0.38913,0.2748,38.428,0,1.0838,0,0,47.2839,3.4784,0,32.7862,12.5013,26.6357,0,9.9368,9.0574,0.043968,25.3843,21.6168,0,0,0,0,1.5059,0,0.74624,0,7.3357,0,2.4659,10.1422,0,0,0,0,124.8149,0,,0,0,2.1981,30.7776,8.6947,0,0,0,0,4.0823,0.069616,0,0.0014667,12.2943,0,0,4.9173,0,0,0,0.6009,14.9044,0,0,,2.761,0,0,,0,5.3836,66.8339,0,0,0.20885,0,8.5197,130.1619,0,,0.83272,0,0,0,0.014667,0,0,0,0,0,0,20.4595,0.00016298,23.5632,43.4944,49.6171,3.5284,4.5467,0.047637,94.755,0,126.9944,0.22359,26.3109,0,0,,1.4363,3.0752,0,5.455,0,0,0,9.2728,0.031042,10.9167,1.0743,0,0,0,13.293,0,0,0.00011254,,0,0,0,55.2678,,6.9972,0,0,0,0.073291,0,1.6415,0,0,0,81.3084,0,7.9511,0,0,9.1197,0,0,0,7.829,0,4.4577,23.9833,,0,0.14997,0,1.1833,0,17.1293,0.94726,14.3775,0,57.4038,754.7487,0,0,0,0,0,0,0,0,0,111.4955,0.007328,4.7761,0,0,0,11.9405,1.7679,0,0,3.4918,7.4414,13.4756,0,0,0,0,1.744,4.3346,3.6567,5.882,3.2218,0,13.8128,,0,0,10.8478,1.876,9.1445,16.4128,0,0,0,224.4971,36.7976,121.6934,1043.0259,0,63.422,0,43.0763,0.0036646,0,,0,0,0
1992,0.36274,0.19815,31.9318,0,1.0662,0,0,48.3025,3.4771,0,33.9705,12.5186,22.5996,0,9.9401,9.607,0.03664,33.0902,22.2041,0,0,0,0,1.821,0,0.78776,0,7.9833,0,2.8049,8.8718,0,0,0,0,132.084,0,,0,0,2.6124,30.239,8.3649,0,0,0,0,4.3121,0.040304,0,0.0019177,14.7214,0,0,5.1672,0,0,0,0.46525,16.1179,0,0,,1.6067,0,0,,0,5.5747,67.8475,0,0,0.19786,0,9.0596,129.3836,0,,0.41333,0,0,0,0.01832,0,0,0,0,0,0,17.5764,0.0001458,27.2565,52.3732,52.6472,4.3565,4.5166,0.047632,94.4581,0,128.4346,0.24541,25.1616,0,0,,7.4489,3.0741,0,3.9761,0,0,0,9.215,0.034773,6.29,1.1215,0,0,0,16.0044,0,0,0.0000559,0,0,0,0,55.6122,0,6.9946,0,0,0,0.047625,0,1.6158,0,0,0,79.3001,0,8.4191,0,0,9.5916,0,0,0,8.337,0,6.2564,25.5148,0,0,0.14997,0,1.2677,0,16.6106,0.592,22.0536,0,45.8513,774.1498,0,0,0,0,0,0,0,0,0,113.518,0.003664,5.1847,0,0,0.916,12.0218,1.4778,0,0,3.5174,9.733,14.5855,0,0,0,0,2.0227,4.5449,3.7812,6.0852,3.2207,0,14.8026,,0,0,11.1092,2.5838,9.9261,12.6166,0,0,0,196.9081,34.0041,122.2955,1080.6698,0,76.8476,0,19.3386,0,0,,0,0,0
1993,0.35174,0.1573,36.0977,0,1.0479,0,0,40.8085,1.5081,0,35.67,13.022,17.2831,0,12.5089,10.3911,0.036763,30.0498,23.2116,0,0,0,0,1.8796,0,0.26747,0,8.73,0,2.77,8.1474,0,0,0,0,137.3171,0,,0,0,2.4476,35.7277,8.6439,0,0,0,0,4.732,0.043968,0,0.0016023,15.3171,0,0,5.8511,0,0,0,0.53494,18.5105,0,0,,0.80347,0,0,,0,5.8218,68.076,0,0,0.20518,0,6.8956,136.3021,0,,0.3181,0,0,0,0.01832,0,0,0,0,0,0,19.1104,0.00014131,26.9964,57.6604,60.6896,4.8951,5.2207,0.047636,96.8724,0,131.2175,0.28937,23.4841,0,0,,15.1836,2.3156,0,2.594,0,0,0,8.897,0.037529,3.4139,1.1606,0,0,0,22.027,0,0,0.0000694,0,0,0,0,55.0663,0,5.2175,0,0,0,0.047626,0,1.9932,0,0,0,81.8613,0,8.166,0,0,10.4782,0,0,0,8.722,0,7.5881,26.9487,0,0,0.15363,0,1.3337,0,16.8357,0.55472,25.9118,0,43.6349,781.4799,0,0,0,0,0,0,0,0,0,119.7212,0.025648,3.3957,0,0,2.726,11.5541,1.4768,0,0,3.9241,12.1591,14.1841,0,0,0,0,2.0929,4.7569,3.7449,5.8132,2.7058,0,16.6895,,0,0,11.0176,2.4879,11.0875,17.9219,0,0,0,165.7461,35.5974,137.5907,1109.6427,0,81.5496,0,39.8362,0,0,,0,0,0
1994,0.33793,0.098928,37.3859,0,0.97096,0,0,42.677,1.6158,0,37.032,13.6557,16.6712,0,12.2524,11.4744,0.03664,26.7654,23.696,0,0,0,0,2.2057,0,0.32206,0,8.9853,0,2.6271,8.114,0,0,0,0,140.3467,0,,0,0,2.6308,41.568,8.9768,0,0,0,0,4.3917,0.036646,0,0.0017035,14.2249,0,0,6.5459,0,0,0,0.48365,20.1585,0,0,0,1.1195,0,0,,0,6.2953,67.6661,0,0,0.19419,0,4.5727,142.1622,0,,0.20035,0,0,0,0.01833,0,0,0,0,0,0,19.4123,0.00017829,28.9969,60.3094,73.2873,6.0859,5.1518,0.043971,92.7936,0,137.6678,0.47998,22.1885,0,0,,14.5827,1.7158,0,1.8743,0,0,0,9.1783,0.038123,3.9788,1.1735,0,0,0,22.3907,0,0,0.0000776,0,0,0,0,56.9019,0,5.0233,0,0,0,0.043968,0,2.4915,0,0,0,78.7004,0,7.6121,0,0,10.2691,0,0,0,9.424,0,8.4162,28.5389,0,0,0.16488,0,1.3923,0.010992,18.1239,0.44213,25.9149,0,42.493,732.7846,0,0,0,0,0,0,0,0,0,124.521,0.036675,1.5244,0,0,3.25,11.2043,1.5191,0,0,3.9242,16.1857,15.2283,0,0,0,0,2.0588,4.6839,4.0594,7.7318,1.4876,0,18.767,,0,0,11.6966,3.4266,11.3481,24.3463,0,0,0,144.0809,41.2656,145.4553,1137.4712,0,78.1531,0,50.0407,0,0,,0,0,0
1995,0.32243,0.051296,47.2216,0,1.0479,0,0,53.1955,2.6161,0,39.831,14.8991,13.3076,0,13.0438,13.0292,0.032976,24.3404,26.3048,0,0,0,0,2.4512,0,0.28182,0,9.6027,0,2.7354,9.9742,0,0,0,0,147.5046,0,,0,0,2.6163,42.4364,8.2953,0,0,0,0,3.8436,0.032981,0,0.0015407,15.6301,0.095211,0,7.5736,0,0,0,0.46533,26.0107,0,0,0,1.2891,0,0,,0,6.5093,68.8212,0,0,0.25668,0,1.6864,152.9843,0,,0.19388,0,0,0,0.021973,0,0,0,0,0,0.054954,20.9105,0.00021498,39.0507,64.5743,81.5753,6.0859,5.5275,0.043968,102.9127,0,142.6491,0.43235,17.6631,0,0,,17.8107,1.7294,0,2.2971,0,0,0,9.064,0.041666,4.5656,1.3428,0,0,0,42.0078,0,0,0.0000827,0,0,0,0,56.9202,0,5.8587,0,0,0,0.025651,0,2.7883,0,0,0,81.0029,0,7.0152,0,0,10.0661,0,0,0,9.397,0,6.8757,28.1102,0,0,0.19053,0,0.94545,0.014655,19.0908,0.78445,25.9148,0,44.147,699.4294,0,0,0,0,0,0,0,0,0,75.8961,0.0916,2.0428,0,0,3.3819,12.3996,1.5319,0,0,3.9241,19.5737,18.8951,0,0,0,0,2.0937,5.1443,5.1186,8.3392,1.6744,0,19.4888,,0,0,11.516,3.7528,14.4412,25.6452,0,0,0,133.8408,44.8753,154.2538,1186.6959,0,78.285,0,57.1657,0.42502,0,,0,0,0
1996,0.30778,0.043968,50.5669,0,1.0479,0,0,57.5416,2.0408,0,39.7652,15.796,11.7372,0,13.451,13.4982,0.029312,26.2299,29.2133,0,0,0,0,3.0997,0,0.47306,0,10.6081,0,2.8228,10.1968,0,0,0,0,154.1826,0,,0,0,2.6823,44.47,10.2336,0,0,0,0,4.313,0.036646,0,0.0013779,18.0415,0.85738,0,8.9085,0,0,0,0.49464,27.7072,0,0,0,1.422,0,0,,0,6.7892,75.9766,0,0,0.24182,0,1.4509,169.9708,0,,0.20761,0,0,0,0.021984,0,0,0,0,0,3.1441,23.5287,0.00020214,39.7469,78.9922,81.2455,6.2215,6.1783,0.029312,106.1899,0,148.4483,0.4177,15.732,0,0,,17.8547,2.0225,0,1.9766,0,0,0,9.7572,0.047648,4.9265,1.4615,0,0,0,36.2505,0,0,0.0000459,0,0,0,0,62.7453,0,6.7015,0,0,0,0.03298,0,3.0265,0,0,0,89.9995,0,8.1074,0,0,10.2006,0,0,0,10.118,0,6.3827,30.4027,0,0,0.26747,0,1.0223,0.01832,19.8104,0.92516,26.2965,0,43.6805,699.6313,0,0,0,0,0,0,0,0,0,79.2193,0.084272,5.1251,0,0,3.0157,13.0349,1.6341,0,0,3.5321,25.8593,21.3063,0,0,0,0,2.2585,5.5859,5.4525,8.7534,2.1471,0,22.1054,,0,0,13.1977,3.991,16.8202,20.7382,0,0,0,137.5385,54.2382,177.5425,1206.7896,0,81.2537,0,64.1219,0.62654,0,,0,0,0
1997,0.28213,0.03664,39.0069,0,1.0662,0,0,61.5039,2.6784,0,41.0743,15.3004,11.0616,0,14.4942,13.2616,0.03664,30.2129,27.7398,0,0,0,0,3.7397,0,0.28213,0,11.8633,0,2.9312,8.2284,0,0,0,0,152.7479,0,,0,0,4.5287,44.1585,12.4539,0,0,0,0,4.5462,0.069626,0,0.0011015,18.4351,1.404,0,9.3754,0,0,0,0.45067,25.0626,0,0,0,1.3931,0,0,,0,6.6463,75.2375,0,0,0.24915,0,1.7514,162.892,0,,0.42803,0,0,0,0.021984,0,0,0,0,0,4.9134,22.4356,0.00021053,46.0235,82.0417,90.9148,5.8551,6.5917,0.029312,109.9233,0,153.0338,0.46166,14.8587,0,0,,17.7924,1.6635,0,2.4175,0,0,0,10.1888,0.046212,4.5478,1.4914,0,0,0,35.4419,0,0,0.0000737,0,0,0,0,65.7718,0,3.4661,0,0,0,0.065944,0,3.2699,0,0,0,84.0333,0,9.2735,0,0,10.6659,0,0,0,10.551,0,7.4965,32.2176,0,0,0.22717,0,0.78776,0.010992,21.004,1.14,28.0956,0,35.9248,669.0814,0,0,0,0,0,0,0,0,0,82.4803,0.044018,5.096,0,0,2.9752,13.2892,1.5666,0,0,3.1547,31.4273,27.5065,0,0,0,0,2.2888,5.4041,8.4565,10.0196,1.44,0,27.5753,,0,0,13.8096,4.2969,20.7882,21.1658,0,0,0,129.4473,53.1573,182.8868,1214.4792,0,82.506,0,65.668,1.1396,0,,0,0,0
1998,0.26381,0.032907,54.6412,0,1.0845,0,0,61.6138,2.7889,0,43.4884,15.7171,10.5987,0,15.2752,14.3248,0.032976,29.595,30.8655,0,0,0,0,3.1987,0,0.32243,0,12.4111,0,3.0484,7.1505,0,0,0,0,149.4659,0,,0,0,6.4413,50.5009,13.0219,0,0,0,0,4.301,0.23083,0,0.000836,18.4236,1.6378,0,10.1862,0,0,0,0.46166,26.2929,0,0.037156,0,1.3342,0,0,,0,7.5914,77.0633,0,0,0.231,0,1.7454,165.3927,0,,1.6455,0,0,0,0,0,0,0,0,0,4.6093,22.4648,0.00021174,47.5954,48.0277,98.652,5.5143,6.7208,0.021984,118.5547,0,156.3303,0.46899,14.3866,0,0,,17.9805,1.9529,0,2.37,0,0,0,10.1888,0.050928,4.0007,1.4953,0,0,0,35.9402,0,0,0.0000667,0,0,0,0,71.0883,0,3.1199,0,0,0,0.065952,0,3.1496,0,0,0,82.9688,0,7.9972,0,0,11.0286,0,0,0.040316,9.859,0,8.8393,32.3837,0,0,0.26381,0,1.0919,0.01832,20.6252,2.4576,20.0201,0,33.5791,673.2806,0,0,0,0,0,0,0,0,0,83.9019,0.04026,4.575,0,0,3.2573,13.6603,1.6274,0,0,2.6564,29.3992,28.4806,0,0,0,0,2.2648,5.5671,10.9407,12.5067,1.4729,0,28.6408,,0,0,16.2242,4.8072,21.6578,20.0348,0,0,0,155.6905,55.9053,191.3614,1191.6013,0.003664,94.3582,0,80.2782,1.8978,0,,0,0,0
1999,0.24182,0.029348,50.9202,0,1.0479,0,0,67.6208,2.2753,0,45.5487,16.1017,11.6882,0,15.8285,15.616,0.043968,30.6927,33.0346,0,0,0,0,3.449,0,0.32976,0,14.0688,0,1.6671,6.1538,0,0,0,0,162.1981,0,,0,0,9.0318,54.5716,11.2008,0,0,0,0,4.4714,0.88302,0,0.0009167,18.4745,2.3912,0,10.711,0,0,0,0.43235,31.6249,0,0.03664,0,1.296,0,0,,0,7.571,80.855,0,0,0.23101,0,1.5778,165.6417,0,,2.8484,0,0,0,0,0,0,0,0,0,5.0815,22.7595,0.00022345,42.3155,83.6515,114.2875,5.943,7.1897,0.01832,129.0515,0,165.8044,0.46533,9.7865,0,0,,16.4561,1.1505,0,2.2645,0,0,0,7.9252,0.054785,4.0316,1.5464,0,0,0,37.959,0,0,0.0000464,0,0,0,0,69.8029,0,2.6072,0,0,0,0.076944,0,2.9788,0,0,0,81.0174,0,9.1696,0,0,11.6076,0,0,0.07692,9.615,0,9.7536,34.4758,0,0,0.2345,0,1.4803,0.014655,20.4279,6.4653,22.3834,0,30.5016,686.4046,0.0036376,0,0,0,0,0,0,0,0,82.4034,0.010992,3.305,0,0,2.6527,13.8684,1.6695,0,0,3.4735,35.7975,32.5204,0,0,0,0,2.1946,5.7764,11.2008,12.5431,1.4656,0,30.9278,,0,0,18.2687,5.027,26.7177,24.5182,0,0,0,129.9664,56.9815,205.2313,1199.1033,0.040282,96.9348,0,77.7977,2.1581,0,,0,0,0
2000,0.2235,0.021957,38.5343,0,1.0845,0,0,69.4383,2.5648,0,46.5939,15.2661,11.4207,0,16.1436,16.88,0.03664,31.3372,33.1991,0,0,0,0,2.7114,0,0.45788,0,18.4424,0,3.0448,6.6707,0,0,0,0,172.8172,0,,0,0,11.919,59.7965,12.4877,0,0,0,0,4.5624,1.1027,0,0.001672,18.1344,2.4182,0,10.64,0,0,0,0.47257,40.718,0,0.058624,0,1.5033,0,0,,0,7.7156,84.321,0,0,0.2345,0,2.1801,166.4334,0,,3.9823,0,0,0,0,0,0,0,0,0,4.5837,22.2058,0.0002154,43.8727,48.592,120.4479,5.888,8.209,0.01832,134.8133,0,170.6036,0.44334,14.1526,0,0,,20.6855,1.3117,0,2.5042,0,0,0,9.4971,0.053925,4.5301,1.6092,0,0,0,49.6714,0,0,0.0000285,0,0,0,0,81.2016,0,1.7514,0,0,0,0.087936,0,2.7407,0,0,0,80.9767,0,9.489,0,0,13.1794,0,0,0.12458,11.038,0,11.0286,36.3689,0,0,0.24549,0,1.3962,0.018321,21.8379,5.7275,24.286,0,30.9469,681.4324,0.003664,0,0,0,0,0,0,0,0,88.1826,0,3.4993,0,0,2.7077,13.6531,1.7049,0,0,3.1987,40.2041,37.1725,0,0,0,0,2.1164,5.7588,11.3136,13.1261,1.4363,0,35.4448,,0,0,19.6024,5.3348,30.1182,24.9482,0,0,0,123.9731,60.3314,210.131,1252.3321,0.062244,95.3637,0,53.3662,3.0631,0,,0,0,0
2001,0.20885,0.014656,41.0295,0,0.98928,0,0,64.8088,2.6124,0,49.3106,16.1576,16.5759,0,11.9483,18.9026,0.029404,31.6483,32.9374,0,0,0,0,2.4318,0,0.30037,0,23.1856,0,2.9056,6.181,0,0,0,0,164.8476,0,,0,0,13.5174,67.1575,13.26,0,0,0,0,4.8506,1.1432,0,0.0001665,19.3,2.6234,0,11.1046,0,0,0,0.47991,43.3611,0,0.03664,0,1.6114,0,0,,0,8.3899,88.5308,0,0,0.24549,0,1.8595,173.8131,0,,3.923,0,0,0,0,0,0,0,0,0,4.6936,24.6471,0.00025024,43.5689,61.1624,127.6538,5.1589,8.6014,0.01832,135.1074,0,169.6232,0.47255,11.1926,0,0,,20.2412,1.3423,0,2.9056,0,0,0,10.076,0.059671,4.6421,1.7805,0,0,0,48.5823,0,0,0.000068,0,0,0,0,82.887,0,1.9199,0,0,0,0.084272,0.003664,2.224,0,0,0,83.0493,0,10.4439,0,0,11.6076,0,0,0.16488,12.124,0,12.1337,37.8564,0,0,0.29678,0,1.0479,0.26016,22.6347,6.282,24.6096,0,29.6299,693.0134,0,0,0,0,0,0,0,0,0,81.2529,0,3.9537,0,0,4.0887,14.4105,1.7502,0,0,4.155,44.163,39.9902,0,0,0.007328,0,2.4361,5.9978,10.3655,14.7947,1.407,0,45.4052,,0,0,22.5477,5.9137,32.5785,20.3718,0,0,0,130.1041,61.9289,210.1604,1199.4326,0.058667,96.8395,0,60.87,2.5648,0,,0,0,0
2002,0.54742,0.025648,44.6532,0,1.1578,0,0,62.6196,2.0018,0,50.5735,16.0703,16.622,0,12.5822,19.886,0.029312,31.9991,33.2557,0,0,0,0,2.5575,0,0.28213,0,29.2929,0,2.8506,5.5498,0,0,0,0,171.1603,0,,0,0,13.5055,53.9927,13.2462,0,0,0,0,5.0254,1.1212,0,0.0004195,18.5389,2.6747,0,11.0964,0,0,0,0.47632,52.9704,0,0.19062,0,1.3599,0,0,,0,8.3397,88.0125,0,0,0.25648,0,1.5535,173.6231,0,,4.2402,0,0,0,0,0,0,0,0,0,4.5727,24.8444,0.00023611,47.1337,59.7642,143.8157,4.2979,8.6326,0.014656,135.8647,0,173.4189,0.42869,14.3071,0,0,,18.1515,1.7001,0,2.9792,0,0,0,10.4314,0.061136,4.7385,2.5401,0,0,0,49.0243,0,0,0.0000567,0,0,0,0,92.1708,0,1.9236,0,0,0,0.084264,0.0036727,2.301,0,0,0,82.1639,0,9.8604,0,0,11.8892,0,0,0.17221,12.296,0,15.3141,44.7704,0,0,0.29678,0,1.1468,3.2648,22.4221,7.3744,24.9921,0,30.9711,702.3717,0,0,0,0,0,0,0,0,0,94.9379,0.007328,3.9775,0,0,6.6355,13.5143,1.7139,0,0,4.122,49.069,45.049,0,0,0.007328,0,2.4824,5.8946,12.6127,16.4585,0.97829,0,48.548,0,0,0,24.666,5.9137,34.7659,14.5204,0,0,0,116.0575,69.525,207.0304,1239.0068,0.040304,102.0563,0,55.7111,4.0998,0,,0,0,0
2003,0.46641,0.025648,44.0266,0,1.2164,0,0,69.0701,2.2277,0,49.7012,17.2681,17.0543,0,12.9771,21.3904,0.029225,33.5999,34.992,0,0,0,0,3.0375,0,0.37006,0,30.9192,0,2.8996,5.7962,0,0,0,0,173.8787,0,,0,0,14.7366,60.7455,12.6811,0,0.032976,0,0,4.9047,1.2639,0,0.0007311,18.9737,2.3502,0,11.2144,0,0,0.56802,0.93053,58.2122,0,0.19053,0,1.5469,0,0,,0,9.2301,91.6511,0,0,0.27135,0,1.766,174.8726,0,,4.7569,0,0,0,0,0,0,0,0,0,2.9202,27.2267,0.00024985,49.988,62.6617,158.468,2.9165,8.8396,0.014656,149.0242,0,178.6518,0.48731,16.175,0,0,,21.1523,1.4033,0,3.0917,0,0,0,10.5633,0.065397,5.127,2.5757,0,0,0,61.8813,0,0,0.0000316,0,0,0,0,101.9032,0,2.0555,0,0,0,0.080608,0.003664,3.0569,0,0,0,82.7678,0,8.5224,0,0,20.097,0,0,0.15027,13.018,0,16.8178,54.9124,0,0,0.2748,0,1.2677,4.9757,24.8324,7.3316,26.7912,0,33.7664,734.9192,0,0,0,0,0,0,0,0,0,97.9021,0.021968,4.1618,0,0,10.2629,13.1442,1.8844,0,0,2.4696,51.4006,51.3034,0,0,0.0073455,0,2.3035,6.2302,12.7022,17.2998,1.0516,0,49.2222,0,0,0,27.4544,6.2446,43.1929,22.5519,0,0,0,128.0582,72.2113,208.4623,1201.8624,0.11001,100.2976,0,51.8236,5.2063,0,,0,0,0
2004,0.22717,0.032976,41.209,0,1.44,0,0,82.9107,2.4732,0,52.518,17.6623,18.622,0,13.4945,23.0883,0.029312,36.3539,34.9827,0,0,0,0,3.1474,0,0.58258,0,38.2151,0,3.2426,5.8124,0,0,0,0,169.8988,0,,0,0,16.0483,71.5213,13.3489,0,0.03664,0,0,5.2559,1.352,0,0.0009467,19.1198,2.9862,0,11.1538,0,0,0.23811,1.1358,57.6251,0,2.4952,0,1.7415,0,0,,0,8.869,93.2238,0,0,0.26726,0,2.3816,173.357,0,,5.2446,0,0,0,0,0,0,0,0,0,4.2206,26.8155,0.00022055,49.5848,61.8856,178.8999,1.8686,8.7562,2.1799,154.6618,0,177.565,2.737,17.2993,0,0,,22.7644,1.5316,0,3.0717,0,0,0,12.8643,0.069088,5.1775,2.8593,0,0,0,59.2176,0,0,0.0000522,0,0,0,0,105.6469,0,2.1031,0,0,0,0.098928,0.007328,5.1574,0,0,0,85.1196,0,7.2551,0,0,20.5074,0,0,0.13552,13.592,0,15.3705,60.7784,0,0,0.25282,0,1.9822,4.7593,26.5629,9.1484,32.8368,0,31.9646,742.8065,0,0,0,0,0,0,0,0,0,119.2438,0.025648,5.2845,0,0,12.0995,12.9065,1.8982,0,0,6.3644,60.2341,58.7621,0,0,0.0073453,0,2.2382,6.4424,13.1675,20.1525,1.2274,0.24549,50.0246,0,0,0,29.6897,6.5146,44.3676,30.8839,0,0,0,128.0544,77.0734,211.7342,1205.2373,0.19419,99.7934,0,51.1018,8.7603,0,,0,0,0
2005,0.32976,0.021965,61.2108,0,1.2494,0,0,81.9673,3.0631,0,54.4766,18.7008,18.5325,0,14.2933,24.7224,0.029312,36.9765,35.6414,0,0,0,0,3.7006,0,0.6925,0,39.6194,0,3.2829,6.5679,0,0,0,0,170.3281,0,,0,0,15.5573,84.9572,14.0075,0,0.043808,0,0,5.116,1.4253,0,0.0009665,18.7592,3.3342,0,10.69,0,0,0.47256,0.89413,68.6215,0,2.4952,0,1.7411,0,0,,0,8.1217,94.9328,0,0,0.27846,0,2.792,173.4296,0,,5.3849,0,0,0,0,0,0,0,0,0,4.2173,28.0245,0.0000835,50.4386,54.4507,200.1607,12.4393,8.4,3.0043,165.6596,0,176.001,3.1657,18.1186,0,0,,25.5271,1.4143,0,3.1519,0,0,0,11.0389,0.072096,5.5524,2.8292,0,0,0,64.0797,0,0,0.0000856,0,0,0,0,105.5159,0,2.3651,0,0,0,0.86837,0.13923,5.4574,0,0,0,82.5489,0,7.5658,0,0,20.6313,0,0,0.1429,13.423,0,18.8916,63.4971,0,0,0.29337,0,3.3456,6.3021,27.4015,9.6157,31.8145,0,30.5373,745.1829,0,0,0,0,0,0,0,0,0,127.2544,0.025648,4.4565,0,0,11.4746,13.1472,1.9278,0,0,6.3131,65.2696,68.938,0,0,0.007328,0,1.9074,6.6118,11.3136,21.04,1.2293,0.67784,54.0403,0,0,0,33.6433,6.7088,54.8587,29.8213,0,0,0,129.9002,78.2264,205.4378,1187.6187,0.18332,95.4545,0,52.0361,9.3945,0,,0,0,0
2006,0.3292,0.021963,49.3064,0,1.3044,0,0,83.869,3.14,0,55.8108,17.497,20.4652,0,15.5464,28.2568,0.03664,37.4193,35.3884,0,0,0,0,4.2026,0,0.72898,0,42.0526,0,3.239,6.727,0,0,0,0,168.2405,0,,0,0,14.3336,103.7535,14.0331,0,0.043968,0,0,5.0596,2.0812,0,0.001166,18.4153,3.1327,0.021984,10.8821,0,0,0.58979,0.95643,73.8333,0,2.4965,0,1.7286,0,0,,0,8.6871,92.3261,0,0,0.28946,0,3.642,178.3957,0,,6.2838,0,0,0,0,0,0,0,0,0,4.4587,26.5117,0.0000909,49.442,57.4259,221.5401,11.9593,9.429,4.2542,162.5847,0,192.6544,4.5837,27.9928,0,0,,26.2342,1.4776,0,3.2615,0,0,0,12.0509,0.073436,5.5172,2.9584,0,0,0,69.5464,0,0,0.0000315,0,0,0,0,117.9368,0,2.3596,0,0,0,1.0954,0.16122,6.1354,0,0,0,80.0028,0,7.5516,0,0,21.6176,0,0,0.15389,13.598,0,20.6247,63.7556,0,0,0.27846,0,3.8289,5.2102,27.6304,9.0911,36.0867,0,31.4063,765.5257,0,0,0,0,0,0,0,0,0,135.0001,0.021984,4.558,0,0,12.3733,12.2399,1.902,0,0,6.1262,67.995,74.0384,0,0,0.007328,0,2.0854,6.4381,11.6837,22.1642,1.2311,0.94531,54.9417,0,0,0,38.0543,6.8956,62.1661,31.5177,0,0,0,126.2901,82.5609,194.1264,1173.7844,0.21251,97.9314,0,45.7304,11.2118,0,,0,0,0
2007,0.30778,0.032944,51.0762,0,1.5938,0,0,87.1776,3.762,0,61.0487,16.4954,17.5778,0,20.8665,29.5795,0.03664,37.8678,35.6373,0,0,0,0,4.6166,0,0.76944,0,43.2456,0,5.9393,6.8891,0,0,0,0.68517,181.8861,0,,0,0,8.7643,129.5151,14.0331,0,0.040304,0,0,5.8709,2.3376,0,0.0011059,17.4594,2.8872,0.043968,9.7381,0,0,1.0041,1.0223,81.1283,0,1.9223,0,1.737,0,0,,0,8.1175,89.2531,0,0,0.31144,0,3.2866,174.4405,0,,7.8081,0,0,0,0,0,0,0,0,0,3.8509,25.1061,0.00014885,52.6956,57.0778,236.5202,12.0289,10.2077,5.0893,163.5123,0,209.1223,5.5061,23.986,0,0,,25.5393,1.4729,0,3.1467,0,0,0,12.1059,0.070655,6.5515,2.7312,0,0,0,65.4377,0,0,0.0000337,0,0,0,0,117.2736,0,2.1764,0,0,0,1.2422,0.069501,6.1648,0,0,0,77.4708,0,8.2594,0,0,22.2332,0,0,0.19419,13.915,0,21.7165,64.9517,0,0,0.26014,0,5.3458,7.0788,27.9107,9.7498,41.4667,0,30.7211,777.7972,0,0,0,0,0,0,0,0,0,113.4777,0.021984,4.602,0,0,13.2527,11.3829,1.8858,0,0,7.8923,73.3701,75.6556,0,0,0.007328,0,2.1945,6.2751,11.4976,23.4889,1.2384,1.0179,57.774,0,0,0,39.9083,8.0511,72.0052,30.7177,0,0,0,118.9765,91.2959,196.5196,1248.1215,0.19419,98.525,0,46.7343,12.4791,0,,0,0,0
2008,0.29704,0.014656,51.5506,0,1.2714,0,0,90.1197,4.122,0,61.7869,17.4361,20.7382,0,22.9696,32.2249,0.032976,38.6347,35.6902,0,0,0,0,5.038,0,0.76211,0,51.3027,0,6.4926,6.7182,0,0,0,0.71129,181.5682,0,,0,0,4.8255,149.6744,17.5176,0,0.047763,0,0,5.6931,2.2277,0,0.0005368,17.2976,3.0375,0.043968,9.8264,0,0,0.92699,0.93077,83.3105,0,2.3399,0,1.6819,0,0,,0,8.359,92.2805,0,0,0.34808,0,2.4769,179.834,0,,8.1091,0,0,0,0,0,0,0,0,0,4.5727,24.6168,0.00015932,63.0466,60.3131,246.875,15.2496,10.7714,7.0169,167.1419,0,204.4847,6.2361,30.3341,0,0,0,26.619,1.4297,0,3.0849,0,0,0,12.5757,0.072827,5.8363,2.5942,0.15806,0,0,72.6328,0,0,0.0000199,0,0,0,0,118.567,0,2.0408,0,0,0,1.1139,0.11744,3.6493,0,0,0,81.2022,0,7.8111,0,0,20.654,0,0,0.2235,14.085,0,28.6891,65.7541,0,0,0.28968,0,7.4306,7.4493,28.1343,10.4949,41.5644,0,31.1306,778.1873,0,0,0,0,0,0,0,0,0,125.1512,0.021984,4.58,0,0,13.5633,11.7723,1.8776,0,0,8.1194,75.9243,82.5521,0,0,0.007328,0,1.921,6.6813,11.2008,25.265,0.98928,1.0516,60.2911,0,0,0,38.6992,8.7656,71.5483,40.0732,0,0,0,114.3562,107.8048,202.6549,1253.2267,0.17221,102.57,0,45.0269,13.9012,0,,0,0,0
2009,0.27129,0.01832,54.894,0,1.2897,0,0,87.9946,3.1694,0,63.1136,17.0358,18.789,0,24.1751,35.4419,0.0329,31.82,36.482,0,0,0,0,5.5121,0,0.43602,0,40.9585,0,5.596,5.0524,0,0,0,0.58958,174.9921,0,,0,0,6.3787,164.4037,20.097,0,0.10626,0,0,5.2562,2.2167,0,0.0011389,16.3153,2.7846,0.043968,9.4118,0,0,0.9085,1.0991,81.7878,0,1.666,0,1.2239,0,0,,0,7.4984,90.712,0,0,0.46206,0,2.4857,167.4116,0.010987,,6.6233,0,0,0,0,0,0,0,0,0,5.1736,21.364,0.00016398,112.6848,64.5408,261.0654,16.7005,10.3816,7.8226,154.0343,0,202.1767,7.0605,29.9533,0,0,0,24.1018,0.62288,0,2.827,0.095247,0,0,11.2338,0.057518,4.9213,2.6588,0.17954,0,0,65.4427,0,0,0.0000319,0,0,0,0,123.4328,0,1.876,0,0,0,1.2091,0.15022,5.4227,0,0,0,81.7386,0,7.4575,0,0,18.0525,0,0,0.14662,14.787,0,28.7294,66.9889,0,0,0.30045,0,9.3865,7.5039,27.2734,9.7197,44.7301,0,25.2373,730.8718,0,0,0,0,0,0,0,0,0,119.593,0.032976,3.1913,0,0,13.7095,10.4099,1.7852,0,0,7.0385,72.1712,73.7099,0,0,0.007328,0,2.5132,6.4026,13.7612,24.4778,0.44334,1.2421,71.6568,0,0,0,39.0876,9.1197,71.3601,34.4966,0,0,0,89.6823,113.4679,188.0705,1231.7509,0.12091,86.1326,0,43.7262,15.3741,0,,0.73646,0,0
2010,0.27114,0.025648,53.3678,0,1.3703,0,0,86.9284,2.9532,0,64.264,18.7794,17.9683,0,24.5311,39.3965,0.029312,39.5526,40.3485,0.011067,0,0,0,6.1445,0,0.45792,0,55.0488,0,6.1262,5.3719,0,0,0,0.59357,178.2942,0,,0,0,10.2267,199.5854,21.9877,0,0.19419,0,0,5.7124,2.0594,0,0.0007377,18.3984,3.0375,0.04405,10.5693,0,0,1.4659,1.1577,81.9475,0,3.0484,0,1.3279,0,0,,0.0036756,8.2725,96.0355,0,0,0.61922,0,2.3216,184.0036,0.80974,,7.166,0,0,0,0,0,0,0,0,0,6.478,22.9176,0.0001329,134.2442,73.73,277.2201,14.8172,11.3652,10.0797,164.3469,0,213.3416,5.2359,34.2116,0,0,0,28.1322,0.56426,0,3.393,0.48365,0,0,13.1977,0.060561,5.6636,2.8421,0.29767,0,0,60.8077,0,0,0.0000321,0,0,0,0,124.1217,0,1.9822,0,0,0,1.3044,0.15389,4.1403,0,0,0,91.5394,0,8.3823,0,0,20.196,0,0,0.21975,15.04,0,34.1057,63.1234,0,0,0.28946,0,12.5785,7.0679,29.1347,10.4857,53.3955,0,27.5036,792.5633,0,0,0,0,0,0,0,0,0,137.0776,0.047632,4.2426,0,0,14.8585,11.0494,1.8819,0,0,8.8669,91.5412,73.659,0,0,0.007328,0,3.4692,7.1589,17.8583,30.7111,0.36693,1.4722,80.9829,0,0,0,42.0078,11.6369,71.6546,39.6848,0,0,0,100.188,116.8669,201.9271,1290.5145,0.15022,85.196,0,47.6833,18.0489,0,,1.9456,0,0
2011,0.30778,0.029312,56.7206,0,1.4033,0,0,92.5874,3.7556,0,66.4796,17.7311,19.0256,0,24.285,39.6262,0.032896,37.378,34.5792,0.010992,0,0,0,6.7623,0,0.52029,0,53.1006,0,7.2877,6.1485,0,0,0,0.42502,195.2827,0,,0,0,10.4497,245.99,21.0507,0,0.28213,0,0,5.5643,1.9568,0,0.0009086,16.8248,2.9935,0.043968,8.9833,0,0,1.6784,1.0479,92.6793,0,3.1584,0,1.1902,0,0,,0,7.2525,87.7911,,0,0.69616,0,3.4515,168.4105,1.5834,,8.811,0,0,,0,0,0,0,0,0,5.2688,21.8754,0.00016109,136.3642,81.5533,293.2629,13.9085,9.85,9.3432,153.0004,0,247.9227,1.9969,38.6586,0,0,0,32.8574,0.63754,0,2.9753,0,0,0,10.1676,0.053565,6.1603,2.4643,0.1429,0,0,64.7843,0,0,0.0000429,0,,0,0,130.7069,0,1.9163,0,0,0,1.6378,0.1832,5.496,0,0,0,79.7284,0,7.6259,0,0,28.0032,0,0,0.25282,14.358,0,39.1169,65.9593,0,0,0.3039,0,11.6662,7.6288,29.325,10.5089,66.6811,0,28.3869,815.6612,0.003664,,0,0,0,0,0,0,0,139.6167,0.036657,4.3528,0,0,15.0077,10.4244,1.7506,0,0,8.8009,98.5129,68.0603,0,0,0.007328,0,2.7552,6.363,15.0581,33.9957,0.37006,1.6261,70.4954,0,0.014656,0,41.4508,11.2668,86.0476,43.6932,0,0,0,103.8124,130.1685,168.2355,1310.4739,0.14663,95.1321,0,47.8775,16.2792,0,,1.3007,0,0
2012,0.30778,0.029312,64.1145,0,1.4216,0,0,95.3812,4.5653,0,67.7056,16.9462,19.8332,0,24.3916,41.7146,0.036547,36.8165,34.9182,0.007328,0,0,0,7.0363,0,0.4799,0,63.3966,0,7.1128,5.7592,0,0,0,0.5093,198.1725,0,,0,0,9.809,277.5993,22.8989,0,0.40721,0,0,5.1948,1.9859,0,0.0005488,16.624,3.2646,0,8.414,0,0,1.9896,1.3996,92.919,0,4.3675,0,1.2749,0,0,,0,6.4615,90.609,,0,0.71448,0,3.7703,168.0622,0.80242,,8.094,0,0,,0,0,0,0,0,0,4.8841,19.5718,0.0000412,125.6048,80.0621,292.2736,13.1538,9.5232,4.8143,147.7138,0,257.0224,1.5093,34.4421,0,0,0,34.7311,0.81707,0,2.7925,0,0,0,10.7099,0.0545,5.9373,2.5001,0,0,0,66.2891,0,0,0.0000112,0,,0,0,135.7266,0,1.8247,0,0,0,2.3964,0.17221,3.5772,0,0,0,76.1149,0,8.3429,0,0,28.8723,0,0,0.26014,14.081,0,41.6365,64.1786,0,0,0.26014,0,12.9449,7.3133,30.5585,9.0969,81.6669,0,28.173,804.9756,0.003664,,0,0,0,0,0,0,0,151.587,0.05496,3.8399,0,0,16.2743,10.0607,1.684,0,0,9.2553,106.5663,65.1153,0,0,0.007328,0,2.3914,6.9587,11.962,36.0138,0.27079,1.8584,80.5457,0,0.032976,0,40.5788,12.1572,87.0935,45.0646,0,0,0,96.8231,132.6075,158.2399,1372.0825,0.1063,98.2428,0,49.7425,17.9568,0,,1.5172,0,0
2013,0.29678,0.032976,65.45,0,0.76578,0,0,91.3381,4.4188,0,69.6475,16.3324,19.9358,0,26.1793,43.3318,0.043968,36.8997,35.2795,0.003664,0.021984,0,0,7.3463,0,0.37373,0,74.7038,0,5.6242,5.6087,0,0,0,0.58624,204.5403,0,,0,0,9.2923,320.1275,22.3394,0,0.57891,0,0,4.9118,2.0445,0,0.0007905,16.8262,3.7483,0,7.9395,0,0,2.0372,1.5902,90.3998,0,5.6462,0,1.2121,0,0,,0,6.0639,91.3022,,0,0.70349,0,3.5284,170.5361,0.6009,,7.3358,0,0,,0,0,0,0,0,0,4.7559,18.385,0.0000622,110.6892,64.7533,294.9337,13.0582,9.0667,11.2931,137.701,0,256.4908,1.8686,30.7322,0,0,0,34.5662,0.62654,0,2.7287,0,0,0,13.2722,0.057814,4.9144,2.1152,0,0,0,82.2739,0,0,0.0000112,0,,0,0,142.2768,0,1.7221,0,0,0,2.3486,0.35577,4.2026,0,0,0,76.9474,0,8.3729,0,0,28.6296,0,0,0.29678,13.902,0,45.6351,63.7206,0,0,0.26014,0,11.864,6.7381,30.804,8.1072,69.0878,0,25.1404,780.4538,0.0036808,,0,0,0,0,0,0,0,153.1992,0.084311,4.2722,0,0,18.3237,10.2358,1.6425,0,0,9.3835,111.5309,59.0969,0,0,0.007328,0,2.3695,7.314,9.8295,35.5616,0.0073187,1.868,86.6217,0,0.040304,0,41.0698,12.1242,86.6923,46.269,0,0,0,90.25,136.4107,157.6222,1410.3669,0.098928,88.3141,0,48.5114,18.7189,0,,2.0115,0,0
2014,0.27124,0.058586,73.8314,0,0.57885,0,0,92.8439,4.4928,0,71.8081,14.9468,21.1999,0,28.352,45.9342,0.040304,36.5937,31.0037,0.0036929,0.05496,0,0,8.1927,0,0.34808,0,81.2857,0,6.7711,5.5894,0,0,0,0.85005,211.1616,0,,0,0,8.2957,370.2216,23.4816,0,0.52333,0,0,4.3051,2.3047,0,0.000407,15.1127,3.7812,0.003664,6.8165,0,0,2.0042,1.6305,81.6999,0,5.1296,0,1.022,0,0,,0,5.3925,76.3686,,0,1.0193,0,4.3108,152.271,1.2787,,5.559,0,0,,0,0,0,0,0,0,4.6463,17.1202,0.00014834,109.4675,62.4157,335.0068,12.6332,8.7959,12.473,121.5894,0,258.5485,0.61922,43.4068,0,0,0,34.2804,0.51662,0,2.4484,0,0,0,11.1056,0.048059,4.6349,2.0061,0.11358,0,0,82.5621,0,0,0.0000234,0,,0,0,138.5029,0,1.7514,0,0,0,2.2459,1.3264,4.8292,0,0,0,67.0112,0,8.6017,0,0,32.6756,0,0,0.25282,14.645,0,44.9646,64.2006,0,0,0.58258,0,16.532,7.0862,29.4636,7.6426,82.5023,0,24.0695,772.7534,0.0073599,,0,0,0,0,0,0,0,224.0513,0.07328,3.6823,0,0,19.214,8.4855,1.4883,0,0,9.0428,101.4453,54.2924,0,0,0.007328,0,2.0621,6.3555,9.0856,37.5898,0.0073221,1.7404,86.5902,0,0.07328,0,41.3006,12.0566,93.5367,46.9468,0,0,0,75.1342,133.344,144.4922,1435.0202,0.0916,84.4156,0,46.6473,19.5987,0,,1.854,0,0
2015,0.28213,0.062288,78.7687,0,1.44,0,0,93.5346,4.4268,0,72.0442,15.9671,21.9349,0,28.2384,48.7422,0.040304,33.9566,33.8206,0.003664,0.058662,0,0,8.233,0,0.4067,0.0036615,80.4648,0,4.8914,5.9318,0,0,0,0.94209,213.4964,0,,0,0,9.1124,380.0522,23.1006,0,0.98195,0,0,4.461,2.3892,0.2748,0.0003982,15.9087,3.8582,0.003664,6.9113,0,0,2.0259,1.5351,84.1511,0,4.646,0,0.91504,0,0,,0,4.7234,81.3911,0,0,1.0186,0,4.7503,157.4554,2.4402,,6.0348,0,0,0,0,0,0,0,0,0,6.0817,18.2298,0.00018161,106.8706,94.2527,356.769,12.9855,8.8882,13.7848,132.7563,0,246.4286,4.0048,52.6481,0,0,0,39.0671,0.52395,0,2.506,0,0,0,15.6699,0.051305,4.6487,1.8297,0.003664,0,0,77.2115,0,0,0.0000234,0,0,0,0,147.9768,0,1.6805,0,0,0,2.323,1.7414,10.8491,0,0,0,66.1481,0,8.305,0,0,32.4484,0,0,0.23071,15.506,0,48.2485,64.4058,0,0,0.8102,0,16.2449,6.6612,30.634,9.1108,83.7007,0,23.4678,736.698,0.047812,0,0,0,0,0,0,0,0,230.0186,0.047632,4.0048,0,0,19.5535,8.7139,1.5784,0,0,9.9661,92.5889,56.6495,0,0,0.007328,0,1.9749,6.7799,7.9729,40.8314,0.007328,1.6744,86.3898,0,0.073115,0,39.6628,11.5709,96.4376,48.8594,0,0,0,65.5472,134.1551,147.8994,1475.993,0.095264,81.9454,0,46.4348,20.4631,0,,1.8943,0,0
2016,0.31864,0.16122,78.6771,0,1.4949,0,0,96.3028,4.2386,0,75.0548,16.737,21.5077,0,27.1722,53.5494,0.040304,33.8849,34.3753,0.0036857,0.003664,0,0,9.1505,0,0.42136,0,69.6657,0,5.3408,5.9388,0,0,0,1.0108,208.2652,0,,0,0,9.9514,421.7262,21.9437,0,1.1248,0,0,4.7291,2.2753,0.2748,0.000394,17.0087,4.7755,0,7.0149,0,0,1.9126,1.6561,94.8243,0,5.4575,0,1.0517,0,0,,0,4.2071,89.0327,0,0,1.0223,0,4.4628,169.468,1.4253,,7.9121,0,0,0,0,0,0,0,0,0,6.2361,19.3653,0.0000802,113.6225,91.186,380.7043,14.2859,9.9104,15.6883,140.792,0.01832,251.5959,6.981,54.7212,0,0,0,41.5952,0.54594,0,2.6072,0,0,0,20.1323,0.050975,4.1485,1.6818,0.01832,0,0,73.5255,0,0,0.0000115,0,0,0,0,151.4551,0,1.727,0,0,0,2.3633,1.5352,8.0791,0,0,0,68.9481,0,7.8938,0,0,34.4343,0,0,0.36274,15.142,0,48.2521,70.2962,0,0,0.85738,0,17.0877,7.6321,32.4196,9.82,80.7912,0,23.3663,749.7882,0.084272,0,0,0,0,0,0,0,0,241.8629,0.043968,4.3272,0,0,20.0457,8.8493,1.6839,0,0,7.8152,96.6555,57.7024,0,0,0.0073394,0,2.2662,7.1271,6.9543,42.2599,0.0073196,1.5902,84.5395,0,0.01463,0,35.2037,11.9336,91.8519,48.8594,0,0,0,64.1485,134.9121,165.742,1481.713,0.10632,86.9936,0,48.7568,20.3682,0,,0.98562,0,0
2017,0.30045,0.16843,82.3521,0,1.5717,0,0,96.4419,4.4621,0,76.2118,17.9746,20.8921,0,27.9893,53.6644,0.043968,34.6491,35.0303,0.003664,0.073318,0,0,9.2237,0,0.458,0,70.6878,0,6.8224,6.0386,0,0,0,1.1212,214.5812,0,,0,0,9.9437,486.3594,22.4676,0,1.1835,0,0,5.4322,2.0189,0.13912,0.000418,17.7136,4.3125,0,6.6824,0,0,2.1914,1.5387,108.4068,0,6.1482,0,0.9226,0,0,,0,3.8863,89.1374,0,0,0.90434,0,4.7009,171.4122,2.3596,,9.5361,0,0,0,0,0,0,0,0,0,6.2178,20.486,0.0000476,118.922,84.3385,399.5042,19.225,10.1516,16.6906,148.7582,0.20152,245.6925,8.0315,62.7512,0,0,0,42.3045,0.57891,0,2.2994,0,0,0,18.1515,0.053481,4.2785,1.6569,0.33645,0,0,70.4268,0,0,0.55234,0,0,0,0,143.2514,0,1.7257,0,0,0,2.345,1.6122,8.4638,0,0,0,70.73,0,8.5178,0,0,32.4154,0,0,0.46533,15.504,0,49.2929,74.2925,0,0,0.93432,0,14.4571,7.5295,34.1298,12.3053,87.0828,0,24.3921,777.2359,0.084272,0,0,0,0,0,0,0,0,247.6255,0.03664,4.8442,0,0,20.1557,9.3898,1.7533,0,0,7.3389,100.8606,62.5801,0,0,0.007328,0,1.8166,7.0863,6.8627,46.4478,0.003664,1.4839,82.4133,0,0,0,34.574,12.4378,104.8897,48.8569,0,0,0,66.6551,135.9013,161.6974,1460.3918,0.12091,85.8688,0,47.825,17.877,0,,0.5899,0,0
2018,0.29312,0.15022,88.8866,0,1.6083,0,0,96.1231,4.6789,0,79.4347,17.0195,21.2842,0,28.407,53.3793,0.055118,36.7505,36.0982,0.003664,0.03664,0,0,9.3505,0,0.45441,0,67.4171,0,7.0265,5.781,0,0,0,1.459,231.9805,0,,0,0,9.9812,575.3689,23.447,0,1.3433,0,0,5.0424,1.861,0.10269,0.00022345,16.6416,3.929,0,6.4786,0,0,2.1837,1.3593,102.6983,0,4.3052,0,0.98668,0,0,,0,4.4117,84.7697,0,0,0.87936,0,4.6789,169.5485,3.3789,,9.0717,0,0,0,0,0,0,0,0,0,6.0603,19.8461,0.0000317,126.2012,84.1479,409.0966,30.4881,10.5986,17.8777,143.6717,0.18686,233.9533,7.8666,68.5739,0,0,0,42.4674,0.6412,0,2.7037,0,0,0,17.5359,0.049659,3.9491,1.6089,0.17901,0,0,84.261,0,0,0.68074,0,0,0,0,165.9059,0,1.876,0,0,0,2.1143,1.6167,8.1166,0,0,0,69.8569,0,7.8987,0,0,34.339,0,0,0.42891,15.297,0,52.7668,75.7825,0,0.5018,0.7731,0,14.9501,8.4052,34.2834,11.3258,87.1446,0,25.4117,825.4151,0.095264,0,0,0,0,0,0,0,0,257.2201,0.021984,4.8804,0,0,20.5827,9.359,1.7204,0,0,9.1196,117.1727,61.9026,0,0,0.010992,0,1.8937,6.6851,6.826,48.583,0.10987,1.4249,81.2686,0,0.087936,0,35.7753,12.5822,95.4817,48.8594,0,0,0,66.9919,133.5659,161.4853,1618.7203,0.11358,89.8486,0,41.7036,18.5545,0,,0.19786,0,0
2019,0.24557,0.1319,91.2499,0,2.4292,0,0,95.6084,4.8878,0,81.6937,17.7926,24.1216,0,33.1299,58.3728,0.047632,36.6279,36.1992,0,0.10626,0,0,8.8669,0,0.42869,0,67.1213,0,5.9723,5.2447,0,0,0,1.3264,231.9625,0,,0,0,12.0514,630.1714,23.7064,0,1.8853,0,0,5.2445,1.825,0,0.00022587,17.3618,4.2576,0,6.0167,0,0,2.4695,1.2129,120.52,0,2.9862,0,0.91439,0,0,,0,4.3102,86.3564,0,0,0.91894,0,5.3018,172.4789,4.1045,,9.9982,0,0,0,0,0,0,0,0,0,6.2874,19.969,0.00022744,128.676,87.9104,422.9701,34.2584,10.8359,17.9683,146.7584,0.47288,224.2301,7.8593,50.439,0,0,0,46.2653,0.61922,0,2.5484,0,0,0,15.8688,0.050296,4.0811,1.6081,0.25648,0,0,90.2846,0,0,0.70817,0,0,0,0,157.0989,0,1.7342,0,0,0,2.0042,1.7294,7.9802,0,0,0,72.474,0,8.2401,0,0,35.1048,0,0,0.50197,15.047,0,52.7669,74.9764,0,1.5572,0.81341,0,15.6783,8.4636,35.4908,12.158,87.4304,0,23.1583,803.8632,0.091785,0,0,0,0,0,0,0,0,255.9341,0.029304,4.5617,0,0,20.8885,9.3697,1.753,0,0,9.105,113.5864,71.2528,0,0,0.011007,0,1.7776,6.8789,6.5476,46.9499,0.27846,1.8723,83.8517,0,0.19053,0,36.4165,12.5581,83.1409,50.4936,0,0,0,60.5383,133.1408,159.3208,1673.9991,0.16497,92.3886,0,34.4759,18.9065,0,,0.19779,0,0
2020,0.25124,0.13118,88.3083,0,2.54,0,0,90.2125,5.159,0,84.4716,16.8769,25.3056,0,33.0799,56.4518,0.044253,33.6328,35.8564,0,0.11372,0,0,7.2838,0,0.42633,0,59.0261,0,6.1124,5.3617,0,0,0,1.3868,223.7194,0,,0,0,11.5372,687.8809,24.1703,0,1.973,0,0,5.5191,1.6952,0,0.00022,17.4308,4.5568,0,4.7921,0,0,2.2943,1.0303,119.0288,0,3.1223,0,0.80957,0,0,,0,4.3613,80.041,0,0,0.96159,0,5.2726,167.6281,4.3921,,11.0423,0,0,0,0,0,0,0,0,0,9.9759,20.8954,0.00020045,127.6354,74.9609,453.7815,32.4914,10.9518,18.8467,140.8008,0.43912,222.6048,7.8474,32.2083,0,0,0,44.0223,0.65358,0,2.103,0,0,0,15.279,0.048521,4.2421,1.4694,0.26249,0,0,76.5097,0,0,0.73626,0,0,0,0,149.5246,0,1.8292,0,0,0,1.5637,1.6598,8.1673,0,0,0,70.667,0,7.8469,0,0,37.572,0,0,0.57329,14.317,0,54.7073,69.4233,0,1.155,0.83248,0,13.6142,7.7147,36.7642,11.9927,81.2539,0,25.118,780.7815,0.087912,0,0,0,0,0,0,0,0,260.309,0.031372,4.5366,0,0,20.971,9.2879,1.7497,0,0,8.484,116.6345,64.3208,0,0,0.0090296,0,1.4465,6.6492,6.5377,50.2292,0.29392,1.7969,77.1237,0,0.20392,0,31.6487,12.0898,92.2169,47.4351,0,0,0,60.7744,130.5831,149.4201,1653.6779,0.13544,90.2314,0,29.0625,16.9785,0,,0.19756,0,0
2021,0.23885,0.15025,92.792,0,2.9513,0,0,94.3275,5.4609,0,77.2421,17.8395,26.0293,0,34.5959,58.7433,0.057667,36.0525,35.7772,0,0.12302,0,0,8.5236,0,0.4883,0,75.9744,0,5.8108,6.0618,0,0,0,1.6114,235.3818,0,,0,0,11.6057,773.8661,23.2567,0,2.2925,0,0,5.3109,2.2091,0,0.00022,18.6812,4.9293,0,4.7783,0,0,2.9898,1.0264,126.3135,0,3.6279,0,0.91458,0,0,,0,4.2666,85.5805,0,0,1.1173,0,6.039,173.4841,4.7512,,12.1524,0,0,0,0,0,0,0,0,0,9.7363,22.1123,0.00020045,133.4508,74.0879,466.9938,30.0439,10.5016,19.4488,150.9559,0.57224,221.5251,8.2071,27.9802,0,0,0,49.8173,0.69182,0,2.2709,0,0,0,17.2908,0.055573,4.0044,1.5714,0.24954,0,0,82.0025,0,0,0.84328,0,0,0,0,157.5527,0,1.9363,0,0,0,1.5737,1.924,7.7643,0,0,0,68.0827,0,6.6579,0,0,40.6437,0,0,0.72286,12.6728,0,62.3274,75.5095,0,0.91148,0.7914,0,15.3203,6.5911,40.5704,11.6488,83.5313,0,25.5097,875.0518,0.10191,0,0,0,0,0,0,0,0,270.0651,0.033937,5.196,0,0,22.2252,10.3944,1.8429,0,0,8.2338,126.7897,67.1091,0,0,0.010566,0,1.4841,7.2298,6.8373,55.0857,0.31112,2.083,77.3884,0,0.22059,0,32.5057,13.6817,114.3952,58.7603,0,0,0,54.0762,130.1866,158.864,1637.0385,0.1585,96.181,0,32.3191,13.6792,0,,0.20661,0,0
,,,,,,,,,,,,,,,,,,,,,,,,,,,,,,,,,,,,,,,,,,,,,,,,,,,,,,,,,,,,,,,,,,,,,,,,,,,,,,,,,,,,,,,,,,,,,,,,,,,,,,,,,,,,,,,,,,,,,,,,,,,,,,,,,,,,,,,,,,,,,,,,,,,,,,,,,,,,,,,,,,,,,,,,,,,,,,,,,,,,,,,,,,,,,,,,,,,,,,,,,,,,,,,,,,,,,,,,,,,,,
SOURCES,,,,,,,,,,,,,,,,,,,,,,,,,,,,,,,,,,,,,,,,,,,,,,,,,,,,,,,,,,,,,,,,,,,,,,,,,,,,,,,,,,,,,,,,,,,,,,,,,,,,,,,,,,,,,,,,,,,,,,,,,,,,,,,,,,,,,,,,,,,,,,,,,,,,,,,,,,,,,,,,,,,,,,,,,,,,,,,,,,,,,,,,,,,,,,,,,,,,,,,,,,,,,,,,,,,,,,,,,,,,,
Gas,"<b>For sources and methods, see Friedlingstein et al. (2022), Andrew and Peters (2022) and Peters et al. (2011).</b><br /><br /><br />Friedlingstein, P., O’Sullivan, M., Jones, M.W., Andrew, R.M., Gregor, L. et al. (2022): Global Carbon Budget 2022, Earth System Science Data. Available at: <a href=""https://doi.org/10.5194/essd-14-4811-2022"" target=""_blank""> Friedlingstein et al., 2022.</a><br /><br />Andrew, R.M. and Peters, G.P. (2022): The Global Carbon Project's fossil CO<sub>2</sub> emissions dataset. October, 17, 2022. Available at: <a href=""https://zenodo.org/record/7215364"" target=""_blank"">Andrew and Peters, 2022.</a><br /><br />Peters, G.P., Minx, J.C., Weber, C.L., and O. Edenhofer (2011), Growth in emission transfers via international trade from 1990 to 2008. Proceedings of the National Academy of Sciences (PNAS), 108(21), 8903-8908, Available at: <a href=""https://doi.org/10.1073/pnas.1006388108"" target=""_blank"">Peters et al., 2011.</a><br /><br />The use of data is conditional on citing the original data sources. <br /><br />Data for years 2020 and 2021 are preliminary.<br /><br />",,,,,,,,,,,,,,,,,,,,,,,,,,,,,,,,,,,,,,,,,,,,,,,,,,,,,,,,,,,,,,,,,,,,,,,,,,,,,,,,,,,,,,,,,,,,,,,,,,,,,,,,,,,,,,,,,,,,,,,,,,,,,,,,,,,,,,,,,,,,,,,,,,,,,,,,,,,,,,,,,,,,,,,,,,,,,,,,,,,,,,,,,,,,,,,,,,,,,,,,,,,,,,,,,,,,,,,,,,,,
